ab	4,0,0.00030961669453216916,5.5450815126982364e-05
above	2,5,0.0001857700167193015,0.0003327048907618942
absolutely	0,1,6.192333890643384e-05,0.00011090163025396473
absorb	0,1,6.192333890643384e-05,0.00011090163025396473
abuse	0,1,6.192333890643384e-05,0.00011090163025396473
acce	0,1,6.192333890643384e-05,0.00011090163025396473
accept	0,3,6.192333890643384e-05,0.00022180326050792945
accepted	0,1,6.192333890643384e-05,0.00011090163025396473
accepting	0,2,6.192333890643384e-05,0.0001663524453809471
accomodates	1,0,0.00012384667781286768,5.5450815126982364e-05
accompanied	1,0,0.00012384667781286768,5.5450815126982364e-05
accounts	0,1,6.192333890643384e-05,0.00011090163025396473
accurate	1,0,0.00012384667781286768,5.5450815126982364e-05
aches	0,1,6.192333890643384e-05,0.00011090163025396473
achieved	1,0,0.00012384667781286768,5.5450815126982364e-05
acrobat	0,1,6.192333890643384e-05,0.00011090163025396473
across	5,4,0.000371540033438603,0.00027725407563491185
act	0,3,6.192333890643384e-05,0.00022180326050792945
activate	0,4,6.192333890643384e-05,0.00027725407563491185
active	1,0,0.00012384667781286768,5.5450815126982364e-05
activities	7,0,0.0004953867112514707,5.5450815126982364e-05
actor	0,1,6.192333890643384e-05,0.00011090163025396473
adage	0,1,6.192333890643384e-05,0.00011090163025396473
adapted	0,1,6.192333890643384e-05,0.00011090163025396473
add	2,6,0.0001857700167193015,0.0003881557058888766
added	0,2,6.192333890643384e-05,0.0001663524453809471
adding	0,2,6.192333890643384e-05,0.0001663524453809471
additionally	1,1,0.00012384667781286768,0.00011090163025396473
adhesion	0,1,6.192333890643384e-05,0.00011090163025396473
adm	1,0,0.00012384667781286768,5.5450815126982364e-05
adobe	0,12,6.192333890643384e-05,0.0007208605966507708
ads	0,5,6.192333890643384e-05,0.0003327048907618942
adv	0,1,6.192333890643384e-05,0.00011090163025396473
advanced	0,1,6.192333890643384e-05,0.00011090163025396473
advantage	1,0,0.00012384667781286768,5.5450815126982364e-05
advertisements	0,1,6.192333890643384e-05,0.00011090163025396473
advise	2,0,0.0001857700167193015,5.5450815126982364e-05
advocates	1,0,0.00012384667781286768,5.5450815126982364e-05
aec	2,0,0.0001857700167193015,5.5450815126982364e-05
aeopublishing	0,19,6.192333890643384e-05,0.0011090163025396474
affairs	1,0,0.00012384667781286768,5.5450815126982364e-05
affiliate	0,1,6.192333890643384e-05,0.00011090163025396473
afraid	1,3,0.00012384667781286768,0.00022180326050792945
afternoon	3,1,0.00024769335562573535,0.00011090163025396473
agendas	1,0,0.00012384667781286768,5.5450815126982364e-05
agonizing	0,1,6.192333890643384e-05,0.00011090163025396473
agree	1,1,0.00012384667781286768,0.00011090163025396473
aids	1,0,0.00012384667781286768,5.5450815126982364e-05
alex	4,0,0.00030961669453216916,5.5450815126982364e-05
allay	0,1,6.192333890643384e-05,0.00011090163025396473
allocate	1,0,0.00012384667781286768,5.5450815126982364e-05
allocation	5,0,0.000371540033438603,5.5450815126982364e-05
allow	4,5,0.00030961669453216916,0.0003327048907618942
alpra	0,1,6.192333890643384e-05,0.00011090163025396473
already	8,3,0.0005573100501579045,0.00022180326050792945
always	0,6,6.192333890643384e-05,0.0003881557058888766
amigo	0,1,6.192333890643384e-05,0.00011090163025396473
amount	1,1,0.00012384667781286768,0.00011090163025396473
amy	0,2,6.192333890643384e-05,0.0001663524453809471
an	20,41,0.0013003901170351106,0.0023289342353332593
analyses	1,0,0.00012384667781286768,5.5450815126982364e-05
analyze	0,1,6.192333890643384e-05,0.00011090163025396473
anita	2,0,0.0001857700167193015,5.5450815126982364e-05
annoy	0,1,6.192333890643384e-05,0.00011090163025396473
annoying	1,0,0.00012384667781286768,5.5450815126982364e-05
anonymously	0,1,6.192333890643384e-05,0.00011090163025396473
another	6,7,0.00043346337234503684,0.0004436065210158589
answers	0,5,6.192333890643384e-05,0.0003327048907618942
antoine	1,0,0.00012384667781286768,5.5450815126982364e-05
anywhere	0,3,6.192333890643384e-05,0.00022180326050792945
apologies	1,1,0.00012384667781286768,0.00011090163025396473
appear	4,1,0.00030961669453216916,0.00011090163025396473
applied	5,0,0.000371540033438603,5.5450815126982364e-05
approach	1,1,0.00012384667781286768,0.00011090163025396473
appropriate	3,0,0.00024769335562573535,5.5450815126982364e-05
arbitrage	4,0,0.00030961669453216916,5.5450815126982364e-05
architect	0,1,6.192333890643384e-05,0.00011090163025396473
archive	0,1,6.192333890643384e-05,0.00011090163025396473
are	55,84,0.0034677069787602947,0.004713319285793501
argentine	4,0,0.00030961669453216916,5.5450815126982364e-05
arizona	1,0,0.00012384667781286768,5.5450815126982364e-05
ark	0,1,6.192333890643384e-05,0.00011090163025396473
arrangements	0,2,6.192333890643384e-05,0.0001663524453809471
arrest	0,2,6.192333890643384e-05,0.0001663524453809471
arrival	1,0,0.00012384667781286768,5.5450815126982364e-05
art	0,2,6.192333890643384e-05,0.0001663524453809471
articles	0,1,6.192333890643384e-05,0.00011090163025396473
asia	0,1,6.192333890643384e-05,0.00011090163025396473
assault	0,1,6.192333890643384e-05,0.00011090163025396473
assays	0,1,6.192333890643384e-05,0.00011090163025396473
assembly	1,0,0.00012384667781286768,5.5450815126982364e-05
assist	0,3,6.192333890643384e-05,0.00022180326050792945
assortment	0,1,6.192333890643384e-05,0.00011090163025396473
assume	1,0,0.00012384667781286768,5.5450815126982364e-05
assumption	1,0,0.00012384667781286768,5.5450815126982364e-05
at	57,66,0.0035915536565731625,0.0037152046135078185
atreus	0,1,6.192333890643384e-05,0.00011090163025396473
attendance	2,0,0.0001857700167193015,5.5450815126982364e-05
australia	2,7,0.0001857700167193015,0.0004436065210158589
australiasds	0,1,6.192333890643384e-05,0.00011090163025396473
automatically	1,3,0.00012384667781286768,0.00022180326050792945
availability	0,2,6.192333890643384e-05,0.0001663524453809471
avoid	3,5,0.00024769335562573535,0.0003327048907618942
avoided	1,0,0.00012384667781286768,5.5450815126982364e-05
await	0,2,6.192333890643384e-05,0.0001663524453809471
awaking	0,1,6.192333890643384e-05,0.00011090163025396473
aware	1,0,0.00012384667781286768,5.5450815126982364e-05
awesome	1,0,0.00012384667781286768,5.5450815126982364e-05
axel	2,0,0.0001857700167193015,5.5450815126982364e-05
azurix	10,0,0.0006811567279707721,5.5450815126982364e-05
baby	0,2,6.192333890643384e-05,0.0001663524453809471
background	2,7,0.0001857700167193015,0.0004436065210158589
backup	2,0,0.0001857700167193015,5.5450815126982364e-05
bade	0,1,6.192333890643384e-05,0.00011090163025396473
baggage	0,1,6.192333890643384e-05,0.00011090163025396473
bail	2,0,0.0001857700167193015,5.5450815126982364e-05
banging	0,1,6.192333890643384e-05,0.00011090163025396473
banker	2,0,0.0001857700167193015,5.5450815126982364e-05
bannerco	0,3,6.192333890643384e-05,0.00022180326050792945
bar	0,1,6.192333890643384e-05,0.00011090163025396473
barely	0,1,6.192333890643384e-05,0.00011090163025396473
base	0,1,6.192333890643384e-05,0.00011090163025396473
basically	0,1,6.192333890643384e-05,0.00011090163025396473
bd	0,5,6.192333890643384e-05,0.0003327048907618942
bdf	0,1,6.192333890643384e-05,0.00011090163025396473
beard	0,1,6.192333890643384e-05,0.00011090163025396473
beck	3,0,0.00024769335562573535,5.5450815126982364e-05
bedfellow	0,1,6.192333890643384e-05,0.00011090163025396473
beds	0,3,6.192333890643384e-05,0.00022180326050792945
before	7,11,0.0004953867112514707,0.0006654097815237884
beginning	1,3,0.00012384667781286768,0.00022180326050792945
believable	0,2,6.192333890643384e-05,0.0001663524453809471
believe	5,6,0.000371540033438603,0.0003881557058888766
below	6,7,0.00043346337234503684,0.0004436065210158589
bendickson	0,2,6.192333890643384e-05,0.0001663524453809471
benedicta	0,2,6.192333890643384e-05,0.0001663524453809471
benson	0,1,6.192333890643384e-05,0.00011090163025396473
beware	0,1,6.192333890643384e-05,0.00011090163025396473
bid	1,0,0.00012384667781286768,5.5450815126982364e-05
big	3,6,0.00024769335562573535,0.0003881557058888766
biggest	0,1,6.192333890643384e-05,0.00011090163025396473
bills	2,0,0.0001857700167193015,5.5450815126982364e-05
biwven	0,1,6.192333890643384e-05,0.00011090163025396473
bless	0,2,6.192333890643384e-05,0.0001663524453809471
blessed	0,2,6.192333890643384e-05,0.0001663524453809471
blood	0,1,6.192333890643384e-05,0.00011090163025396473
bmf	0,1,6.192333890643384e-05,0.00011090163025396473
bodies	0,1,6.192333890643384e-05,0.00011090163025396473
bold	0,2,6.192333890643384e-05,0.0001663524453809471
bombs	0,1,6.192333890643384e-05,0.00011090163025396473
bonds	2,0,0.0001857700167193015,5.5450815126982364e-05
bone	0,1,6.192333890643384e-05,0.00011090163025396473
boosts	0,1,6.192333890643384e-05,0.00011090163025396473
booth	1,0,0.00012384667781286768,5.5450815126982364e-05
booze	0,1,6.192333890643384e-05,0.00011090163025396473
borland	0,1,6.192333890643384e-05,0.00011090163025396473
both	5,7,0.000371540033438603,0.0004436065210158589
boy	0,2,6.192333890643384e-05,0.0001663524453809471
bp	3,0,0.00024769335562573535,5.5450815126982364e-05
brainstorm	1,0,0.00012384667781286768,5.5450815126982364e-05
brand	0,1,6.192333890643384e-05,0.00011090163025396473
branded	0,1,6.192333890643384e-05,0.00011090163025396473
branding	0,1,6.192333890643384e-05,0.00011090163025396473
breath	0,4,6.192333890643384e-05,0.00027725407563491185
bredd	1,0,0.00012384667781286768,5.5450815126982364e-05
brings	2,2,0.0001857700167193015,0.0001663524453809471
broker	0,1,6.192333890643384e-05,0.00011090163025396473
brown	1,2,0.00012384667781286768,0.0001663524453809471
bryan	1,0,0.00012384667781286768,5.5450815126982364e-05
buchsbaum	1,0,0.00012384667781286768,5.5450815126982364e-05
build	0,5,6.192333890643384e-05,0.0003327048907618942
building	3,2,0.00024769335562573535,0.0001663524453809471
bullet	0,5,6.192333890643384e-05,0.0003327048907618942
bulleted	0,2,6.192333890643384e-05,0.0001663524453809471
burton	6,0,0.00043346337234503684,5.5450815126982364e-05
bus	2,1,0.0001857700167193015,0.00011090163025396473
business	20,20,0.0013003901170351106,0.0011644671176666297
businesses	0,4,6.192333890643384e-05,0.00027725407563491185
businessopps	0,1,6.192333890643384e-05,0.00011090163025396473
bussell	1,0,0.00012384667781286768,5.5450815126982364e-05
butler	1,0,0.00012384667781286768,5.5450815126982364e-05
buy	1,3,0.00012384667781286768,0.00022180326050792945
buybacks	1,0,0.00012384667781286768,5.5450815126982364e-05
buying	1,0,0.00012384667781286768,5.5450815126982364e-05
by	52,57,0.0032819369620409934,0.0032161472773649773
c	5,10,0.000371540033438603,0.0006099589663968061
caboose	0,1,6.192333890643384e-05,0.00011090163025396473
calamity	0,2,6.192333890643384e-05,0.0001663524453809471
calpine	3,0,0.00024769335562573535,5.5450815126982364e-05
camp	7,0,0.0004953867112514707,5.5450815126982364e-05
can	30,49,0.0019196235060994489,0.0027725407563491183
canada	4,0,0.00030961669453216916,5.5450815126982364e-05
cano	0,1,6.192333890643384e-05,0.00011090163025396473
capacity	2,0,0.0001857700167193015,5.5450815126982364e-05
capitalize	0,1,6.192333890643384e-05,0.00011090163025396473
cards	1,4,0.00012384667781286768,0.00027725407563491185
care	2,5,0.0001857700167193015,0.0003327048907618942
careful	0,1,6.192333890643384e-05,0.00011090163025396473
cat	0,2,6.192333890643384e-05,0.0001663524453809471
catalyze	2,0,0.0001857700167193015,5.5450815126982364e-05
catchy	0,1,6.192333890643384e-05,0.00011090163025396473
caught	0,1,6.192333890643384e-05,0.00011090163025396473
cc	37,0,0.002353086878444486,5.5450815126982364e-05
cellulite	0,1,6.192333890643384e-05,0.00011090163025396473
cemented	0,1,6.192333890643384e-05,0.00011090163025396473
cent	1,0,0.00012384667781286768,5.5450815126982364e-05
ceos	0,1,6.192333890643384e-05,0.00011090163025396473
cernosek	1,0,0.00012384667781286768,5.5450815126982364e-05
cha	0,1,6.192333890643384e-05,0.00011090163025396473
chambers	1,0,0.00012384667781286768,5.5450815126982364e-05
changed	0,1,6.192333890643384e-05,0.00011090163025396473
changes	4,0,0.00030961669453216916,5.5450815126982364e-05
changing	0,1,6.192333890643384e-05,0.00011090163025396473
channel	0,1,6.192333890643384e-05,0.00011090163025396473
char	0,1,6.192333890643384e-05,0.00011090163025396473
charge	3,5,0.00024769335562573535,0.0003327048907618942
chartroom	0,1,6.192333890643384e-05,0.00011090163025396473
charts	2,0,0.0001857700167193015,5.5450815126982364e-05
chatham	1,0,0.00012384667781286768,5.5450815126982364e-05
cheap	0,1,6.192333890643384e-05,0.00011090163025396473
check	1,1,0.00012384667781286768,0.00011090163025396473
checking	1,3,0.00012384667781286768,0.00022180326050792945
chewing	0,2,6.192333890643384e-05,0.0001663524453809471
child	0,3,6.192333890643384e-05,0.00022180326050792945
chinese	0,1,6.192333890643384e-05,0.00011090163025396473
chip	0,1,6.192333890643384e-05,0.00011090163025396473
chisholm	0,1,6.192333890643384e-05,0.00011090163025396473
cholesterol	0,1,6.192333890643384e-05,0.00011090163025396473
chris	1,0,0.00012384667781286768,5.5450815126982364e-05
christine	1,0,0.00012384667781286768,5.5450815126982364e-05
chunk	1,0,0.00012384667781286768,5.5450815126982364e-05
cigars	0,1,6.192333890643384e-05,0.00011090163025396473
cinergy	1,0,0.00012384667781286768,5.5450815126982364e-05
citizens	0,2,6.192333890643384e-05,0.0001663524453809471
city	0,5,6.192333890643384e-05,0.0003327048907618942
civilizirano	0,1,6.192333890643384e-05,0.00011090163025396473
ckgby	0,1,6.192333890643384e-05,0.00011090163025396473
ckily	0,1,6.192333890643384e-05,0.00011090163025396473
claims	0,2,6.192333890643384e-05,0.0001663524453809471
clare	1,0,0.00012384667781286768,5.5450815126982364e-05
clarification	1,0,0.00012384667781286768,5.5450815126982364e-05
clark	1,0,0.00012384667781286768,5.5450815126982364e-05
class	0,2,6.192333890643384e-05,0.0001663524453809471
classes	1,0,0.00012384667781286768,5.5450815126982364e-05
classic	0,1,6.192333890643384e-05,0.00011090163025396473
clear	2,7,0.0001857700167193015,0.0004436065210158589
clearing	0,1,6.192333890643384e-05,0.00011090163025396473
clem	1,0,0.00012384667781286768,5.5450815126982364e-05
clemons	0,1,6.192333890643384e-05,0.00011090163025396473
client	1,0,0.00012384667781286768,5.5450815126982364e-05
clinging	0,1,6.192333890643384e-05,0.00011090163025396473
close	3,1,0.00024769335562573535,0.00011090163025396473
closure	0,1,6.192333890643384e-05,0.00011090163025396473
clu	0,1,6.192333890643384e-05,0.00011090163025396473
cmenergy	1,0,0.00012384667781286768,5.5450815126982364e-05
co	3,2,0.00024769335562573535,0.0001663524453809471
coaching	1,0,0.00012384667781286768,5.5450815126982364e-05
coastenergy	1,0,0.00012384667781286768,5.5450815126982364e-05
cohen	0,1,6.192333890643384e-05,0.00011090163025396473
coleman	1,0,0.00012384667781286768,5.5450815126982364e-05
colloquy	0,1,6.192333890643384e-05,0.00011090163025396473
color	18,1,0.001176543439222243,0.00011090163025396473
colored	2,0,0.0001857700167193015,5.5450815126982364e-05
colour	0,1,6.192333890643384e-05,0.00011090163025396473
combo	0,1,6.192333890643384e-05,0.00011090163025396473
comclick	0,1,6.192333890643384e-05,0.00011090163025396473
come	5,7,0.000371540033438603,0.0004436065210158589
commenced	1,0,0.00012384667781286768,5.5450815126982364e-05
commentaries	0,1,6.192333890643384e-05,0.00011090163025396473
comments	0,5,6.192333890643384e-05,0.0003327048907618942
commission	1,1,0.00012384667781286768,0.00011090163025396473
commodity	6,1,0.00043346337234503684,0.00011090163025396473
communicate	2,0,0.0001857700167193015,5.5450815126982364e-05
communication	5,3,0.000371540033438603,0.00022180326050792945
communities	3,0,0.00024769335562573535,5.5450815126982364e-05
company	7,8,0.0004953867112514707,0.0004990573361428413
compared	0,1,6.192333890643384e-05,0.00011090163025396473
compensation	2,0,0.0001857700167193015,5.5450815126982364e-05
competing	1,0,0.00012384667781286768,5.5450815126982364e-05
completed	1,1,0.00012384667781286768,0.00011090163025396473
completely	0,2,6.192333890643384e-05,0.0001663524453809471
completing	1,0,0.00012384667781286768,5.5450815126982364e-05
computer	0,6,6.192333890643384e-05,0.0003881557058888766
concern	1,0,0.00012384667781286768,5.5450815126982364e-05
concerning	3,4,0.00024769335562573535,0.00027725407563491185
concluding	0,2,6.192333890643384e-05,0.0001663524453809471
confirmations	4,0,0.00030961669453216916,5.5450815126982364e-05
confuses	0,1,6.192333890643384e-05,0.00011090163025396473
confusing	0,1,6.192333890643384e-05,0.00011090163025396473
congratulations	3,0,0.00024769335562573535,5.5450815126982364e-05
connie	1,0,0.00012384667781286768,5.5450815126982364e-05
conscience	0,1,6.192333890643384e-05,0.00011090163025396473
consider	3,1,0.00024769335562573535,0.00011090163025396473
considered	0,1,6.192333890643384e-05,0.00011090163025396473
consistent	1,0,0.00012384667781286768,5.5450815126982364e-05
consisting	0,1,6.192333890643384e-05,0.00011090163025396473
consolidation	2,1,0.0001857700167193015,0.00011090163025396473
construction	1,0,0.00012384667781286768,5.5450815126982364e-05
consumer	3,0,0.00024769335562573535,5.5450815126982364e-05
continued	1,2,0.00012384667781286768,0.0001663524453809471
continues	2,1,0.0001857700167193015,0.00011090163025396473
continuing	1,0,0.00012384667781286768,5.5450815126982364e-05
conversations	1,0,0.00012384667781286768,5.5450815126982364e-05
convincible	0,1,6.192333890643384e-05,0.00011090163025396473
cool	3,0,0.00024769335562573535,5.5450815126982364e-05
coordinating	1,0,0.00012384667781286768,5.5450815126982364e-05
copartnery	0,1,6.192333890643384e-05,0.00011090163025396473
coreldraw	0,2,6.192333890643384e-05,0.0001663524453809471
corey	0,1,6.192333890643384e-05,0.00011090163025396473
cornet	0,1,6.192333890643384e-05,0.00011090163025396473
corporate	7,1,0.0004953867112514707,0.00011090163025396473
corporation	2,2,0.0001857700167193015,0.0001663524453809471
correction	1,1,0.00012384667781286768,0.00011090163025396473
cost	4,3,0.00030961669453216916,0.00022180326050792945
costed	0,1,6.192333890643384e-05,0.00011090163025396473
cotroneo	1,0,0.00012384667781286768,5.5450815126982364e-05
cough	0,1,6.192333890643384e-05,0.00011090163025396473
couple	0,2,6.192333890643384e-05,0.0001663524453809471
course	0,8,6.192333890643384e-05,0.0004990573361428413
courtesy	0,1,6.192333890643384e-05,0.00011090163025396473
cover	1,0,0.00012384667781286768,5.5450815126982364e-05
cowry	0,1,6.192333890643384e-05,0.00011090163025396473
craft	0,1,6.192333890643384e-05,0.00011090163025396473
crawled	0,1,6.192333890643384e-05,0.00011090163025396473
creativity	1,0,0.00012384667781286768,5.5450815126982364e-05
credi	0,1,6.192333890643384e-05,0.00011090163025396473
creditors	2,1,0.0001857700167193015,0.00011090163025396473
credits	1,0,0.00012384667781286768,5.5450815126982364e-05
critical	9,0,0.0006192333890643383,5.5450815126982364e-05
critique	0,1,6.192333890643384e-05,0.00011090163025396473
crowd	0,2,6.192333890643384e-05,0.0001663524453809471
cst	1,0,0.00012384667781286768,5.5450815126982364e-05
cultural	1,0,0.00012384667781286768,5.5450815126982364e-05
cures	0,1,6.192333890643384e-05,0.00011090163025396473
curio	0,1,6.192333890643384e-05,0.00011090163025396473
current	4,4,0.00030961669453216916,0.00027725407563491185
customer	1,15,0.00012384667781286768,0.0008872130420317178
daily	2,1,0.0001857700167193015,0.00011090163025396473
damorgarjr	0,1,6.192333890643384e-05,0.00011090163025396473
daniel	2,0,0.0001857700167193015,5.5450815126982364e-05
daren	7,0,0.0004953867112514707,5.5450815126982364e-05
darren	2,0,0.0001857700167193015,5.5450815126982364e-05
date	2,0,0.0001857700167193015,5.5450815126982364e-05
dawn	0,1,6.192333890643384e-05,0.00011090163025396473
day	9,8,0.0006192333890643383,0.0004990573361428413
dcoit	0,1,6.192333890643384e-05,0.00011090163025396473
de	0,2,6.192333890643384e-05,0.0001663524453809471
deadline	2,4,0.0001857700167193015,0.00027725407563491185
dean	0,1,6.192333890643384e-05,0.00011090163025396473
dec	6,0,0.00043346337234503684,5.5450815126982364e-05
decision	1,0,0.00012384667781286768,5.5450815126982364e-05
deficient	0,1,6.192333890643384e-05,0.00011090163025396473
delainey	5,0,0.000371540033438603,5.5450815126982364e-05
delays	1,0,0.00012384667781286768,5.5450815126982364e-05
delegating	1,0,0.00012384667781286768,5.5450815126982364e-05
delete	7,1,0.0004953867112514707,0.00011090163025396473
deliver	1,0,0.00012384667781286768,5.5450815126982364e-05
delivered	3,2,0.00024769335562573535,0.0001663524453809471
deliveries	1,0,0.00012384667781286768,5.5450815126982364e-05
delivering	1,0,0.00012384667781286768,5.5450815126982364e-05
delphi	0,1,6.192333890643384e-05,0.00011090163025396473
delux	0,1,6.192333890643384e-05,0.00011090163025396473
density	0,1,6.192333890643384e-05,0.00011090163025396473
depending	1,1,0.00012384667781286768,0.00011090163025396473
dept	1,0,0.00012384667781286768,5.5450815126982364e-05
described	0,1,6.192333890643384e-05,0.00011090163025396473
description	1,1,0.00012384667781286768,0.00011090163025396473
desire	0,2,6.192333890643384e-05,0.0001663524453809471
desk	8,3,0.0005573100501579045,0.00022180326050792945
desktop	0,1,6.192333890643384e-05,0.00011090163025396473
desperate	0,1,6.192333890643384e-05,0.00011090163025396473
despite	1,0,0.00012384667781286768,5.5450815126982364e-05
detail	0,2,6.192333890643384e-05,0.0001663524453809471
detailed	1,2,0.00012384667781286768,0.0001663524453809471
determine	0,1,6.192333890643384e-05,0.00011090163025396473
device	0,1,6.192333890643384e-05,0.00011090163025396473
dfelsinger	1,0,0.00012384667781286768,5.5450815126982364e-05
diamond	0,1,6.192333890643384e-05,0.00011090163025396473
diane	1,0,0.00012384667781286768,5.5450815126982364e-05
dictating	0,1,6.192333890643384e-05,0.00011090163025396473
different	3,2,0.00024769335562573535,0.0001663524453809471
difficult	1,3,0.00012384667781286768,0.00022180326050792945
directly	4,0,0.00030961669453216916,5.5450815126982364e-05
disagreement	1,0,0.00012384667781286768,5.5450815126982364e-05
disappointed	0,1,6.192333890643384e-05,0.00011090163025396473
disclosed	0,2,6.192333890643384e-05,0.0001663524453809471
discoount	0,1,6.192333890643384e-05,0.00011090163025396473
discoouunt	0,1,6.192333890643384e-05,0.00011090163025396473
discounted	0,1,6.192333890643384e-05,0.00011090163025396473
discretely	0,1,6.192333890643384e-05,0.00011090163025396473
discussion	8,0,0.0005573100501579045,5.5450815126982364e-05
disparate	1,0,0.00012384667781286768,5.5450815126982364e-05
distance	1,4,0.00012384667781286768,0.00027725407563491185
distort	0,1,6.192333890643384e-05,0.00011090163025396473
district	3,0,0.00024769335562573535,5.5450815126982364e-05
divert	1,0,0.00012384667781286768,5.5450815126982364e-05
diverted	1,0,0.00012384667781286768,5.5450815126982364e-05
divided	1,0,0.00012384667781286768,5.5450815126982364e-05
dmao	1,0,0.00012384667781286768,5.5450815126982364e-05
doctor	0,2,6.192333890643384e-05,0.0001663524453809471
documents	0,3,6.192333890643384e-05,0.00022180326050792945
doesn	0,7,6.192333890643384e-05,0.0004436065210158589
dollars	1,2,0.00012384667781286768,0.0001663524453809471
don	8,20,0.0005573100501579045,0.0011644671176666297
doubts	0,1,6.192333890643384e-05,0.00011090163025396473
dramatic	1,0,0.00012384667781286768,5.5450815126982364e-05
drawn	0,1,6.192333890643384e-05,0.00011090163025396473
drugs	0,2,6.192333890643384e-05,0.0001663524453809471
duck	0,1,6.192333890643384e-05,0.00011090163025396473
due	1,6,0.00012384667781286768,0.0003881557058888766
dunns	1,0,0.00012384667781286768,5.5450815126982364e-05
dutchess	0,1,6.192333890643384e-05,0.00011090163025396473
dvd	0,1,6.192333890643384e-05,0.00011090163025396473
dwr	3,0,0.00024769335562573535,5.5450815126982364e-05
dynamic	2,0,0.0001857700167193015,5.5450815126982364e-05
east	0,1,6.192333890643384e-05,0.00011090163025396473
ecom	0,1,6.192333890643384e-05,0.00011090163025396473
economics	1,0,0.00012384667781286768,5.5450815126982364e-05
economy	0,1,6.192333890643384e-05,0.00011090163025396473
ed	1,0,0.00012384667781286768,5.5450815126982364e-05
edge	1,0,0.00012384667781286768,5.5450815126982364e-05
edison	4,0,0.00030961669453216916,5.5450815126982364e-05
effect	1,1,0.00012384667781286768,0.00011090163025396473
effective	7,3,0.0004953867112514707,0.00022180326050792945
efs	1,0,0.00012384667781286768,5.5450815126982364e-05
egep	1,0,0.00012384667781286768,5.5450815126982364e-05
ego	2,0,0.0001857700167193015,5.5450815126982364e-05
eincomplete	0,1,6.192333890643384e-05,0.00011090163025396473
elbow	0,1,6.192333890643384e-05,0.00011090163025396473
elderly	0,1,6.192333890643384e-05,0.00011090163025396473
elections	1,0,0.00012384667781286768,5.5450815126982364e-05
electric	1,0,0.00012384667781286768,5.5450815126982364e-05
electricity	1,0,0.00012384667781286768,5.5450815126982364e-05
elses	0,2,6.192333890643384e-05,0.0001663524453809471
emeet	1,0,0.00012384667781286768,5.5450815126982364e-05
emerged	0,1,6.192333890643384e-05,0.00011090163025396473
emerging	2,0,0.0001857700167193015,5.5450815126982364e-05
emigrant	0,1,6.192333890643384e-05,0.00011090163025396473
emove	0,1,6.192333890643384e-05,0.00011090163025396473
emphasize	0,1,6.192333890643384e-05,0.00011090163025396473
employee	6,0,0.00043346337234503684,5.5450815126982364e-05
employment	1,0,0.00012384667781286768,5.5450815126982364e-05
enable	0,2,6.192333890643384e-05,0.0001663524453809471
encompassing	1,0,0.00012384667781286768,5.5450815126982364e-05
encouraged	0,2,6.192333890643384e-05,0.0001663524453809471
endless	0,1,6.192333890643384e-05,0.00011090163025396473
ends	1,0,0.00012384667781286768,5.5450815126982364e-05
eneric	0,1,6.192333890643384e-05,0.00011090163025396473
engine	0,1,6.192333890643384e-05,0.00011090163025396473
enhancing	1,0,0.00012384667781286768,5.5450815126982364e-05
enjoy	0,2,6.192333890643384e-05,0.0001663524453809471
enormous	1,0,0.00012384667781286768,5.5450815126982364e-05
enron	116,0,0.0072450306520527585,5.5450815126982364e-05
enrononline	4,0,0.00030961669453216916,5.5450815126982364e-05
enterprise	0,4,6.192333890643384e-05,0.00027725407563491185
enters	0,1,6.192333890643384e-05,0.00011090163025396473
entirely	0,2,6.192333890643384e-05,0.0001663524453809471
entity	2,0,0.0001857700167193015,5.5450815126982364e-05
entries	0,1,6.192333890643384e-05,0.00011090163025396473
environmental	1,0,0.00012384667781286768,5.5450815126982364e-05
envy	0,1,6.192333890643384e-05,0.00011090163025396473
ernest	0,1,6.192333890643384e-05,0.00011090163025396473
errors	0,5,6.192333890643384e-05,0.0003327048907618942
esiear	0,2,6.192333890643384e-05,0.0001663524453809471
essentially	1,0,0.00012384667781286768,5.5450815126982364e-05
eternal	0,1,6.192333890643384e-05,0.00011090163025396473
ethic	1,0,0.00012384667781286768,5.5450815126982364e-05
etringer	2,0,0.0001857700167193015,5.5450815126982364e-05
evaluate	2,0,0.0001857700167193015,5.5450815126982364e-05
evaluation	1,0,0.00012384667781286768,5.5450815126982364e-05
every	0,9,6.192333890643384e-05,0.0005545081512698237
everyday	0,2,6.192333890643384e-05,0.0001663524453809471
exactly	0,4,6.192333890643384e-05,0.00027725407563491185
exaggerate	0,1,6.192333890643384e-05,0.00011090163025396473
examining	0,1,6.192333890643384e-05,0.00011090163025396473
exception	1,0,0.00012384667781286768,5.5450815126982364e-05
excess	0,1,6.192333890643384e-05,0.00011090163025396473
excluding	2,0,0.0001857700167193015,5.5450815126982364e-05
exclusive	0,1,6.192333890643384e-05,0.00011090163025396473
executed	1,0,0.00012384667781286768,5.5450815126982364e-05
executing	2,0,0.0001857700167193015,5.5450815126982364e-05
executive	4,0,0.00030961669453216916,5.5450815126982364e-05
exhibits	0,2,6.192333890643384e-05,0.0001663524453809471
expanse	0,1,6.192333890643384e-05,0.00011090163025396473
experiment	0,1,6.192333890643384e-05,0.00011090163025396473
expired	1,0,0.00012384667781286768,5.5450815126982364e-05
explain	0,2,6.192333890643384e-05,0.0001663524453809471
explained	0,1,6.192333890643384e-05,0.00011090163025396473
explaining	0,2,6.192333890643384e-05,0.0001663524453809471
exploring	2,0,0.0001857700167193015,5.5450815126982364e-05
exposure	0,2,6.192333890643384e-05,0.0001663524453809471
extend	0,1,6.192333890643384e-05,0.00011090163025396473
extended	1,2,0.00012384667781286768,0.0001663524453809471
extreme	0,1,6.192333890643384e-05,0.00011090163025396473
eyebrow	0,2,6.192333890643384e-05,0.0001663524453809471
eyes	0,2,6.192333890643384e-05,0.0001663524453809471
f	1,0,0.00012384667781286768,5.5450815126982364e-05
fabaclbo	0,1,6.192333890643384e-05,0.00011090163025396473
face	0,1,6.192333890643384e-05,0.00011090163025396473
faclities	1,0,0.00012384667781286768,5.5450815126982364e-05
fact	1,6,0.00012384667781286768,0.0003881557058888766
factor	0,1,6.192333890643384e-05,0.00011090163025396473
fallon	1,0,0.00012384667781286768,5.5450815126982364e-05
family	0,2,6.192333890643384e-05,0.0001663524453809471
famous	0,1,6.192333890643384e-05,0.00011090163025396473
fanny	1,0,0.00012384667781286768,5.5450815126982364e-05
fashion	0,1,6.192333890643384e-05,0.00011090163025396473
faster	1,1,0.00012384667781286768,0.00011090163025396473
fat	0,1,6.192333890643384e-05,0.00011090163025396473
fattroglodyte	0,1,6.192333890643384e-05,0.00011090163025396473
fault	1,0,0.00012384667781286768,5.5450815126982364e-05
favorite	0,7,6.192333890643384e-05,0.0004436065210158589
fear	0,3,6.192333890643384e-05,0.00022180326050792945
february	5,0,0.000371540033438603,5.5450815126982364e-05
federal	3,0,0.00024769335562573535,5.5450815126982364e-05
feet	0,1,6.192333890643384e-05,0.00011090163025396473
female	0,3,6.192333890643384e-05,0.00022180326050792945
field	1,2,0.00012384667781286768,0.0001663524453809471
figure	1,0,0.00012384667781286768,5.5450815126982364e-05
filed	2,0,0.0001857700167193015,5.5450815126982364e-05
files	3,0,0.00024769335562573535,5.5450815126982364e-05
filing	6,0,0.00043346337234503684,5.5450815126982364e-05
fill	0,4,6.192333890643384e-05,0.00027725407563491185
filled	0,2,6.192333890643384e-05,0.0001663524453809471
filling	0,1,6.192333890643384e-05,0.00011090163025396473
final	5,1,0.000371540033438603,0.00011090163025396473
financial	9,0,0.0006192333890643383,5.5450815126982364e-05
find	1,3,0.00012384667781286768,0.00022180326050792945
finding	0,1,6.192333890643384e-05,0.00011090163025396473
finland	0,1,6.192333890643384e-05,0.00011090163025396473
fior	0,1,6.192333890643384e-05,0.00011090163025396473
fired	1,0,0.00012384667781286768,5.5450815126982364e-05
firing	0,1,6.192333890643384e-05,0.00011090163025396473
first	8,21,0.0005573100501579045,0.0012199179327936121
fishbeck	1,0,0.00012384667781286768,5.5450815126982364e-05
five	1,2,0.00012384667781286768,0.0001663524453809471
fixed	0,1,6.192333890643384e-05,0.00011090163025396473
fl	0,1,6.192333890643384e-05,0.00011090163025396473
flat	0,5,6.192333890643384e-05,0.0003327048907618942
floor	4,0,0.00030961669453216916,5.5450815126982364e-05
flutter	0,1,6.192333890643384e-05,0.00011090163025396473
folks	0,1,6.192333890643384e-05,0.00011090163025396473
foo	1,0,0.00012384667781286768,5.5450815126982364e-05
foolishness	0,1,6.192333890643384e-05,0.00011090163025396473
fooxr	0,1,6.192333890643384e-05,0.00011090163025396473
for	148,153,0.009226577497058642,0.008539425529555285
forced	1,0,0.00012384667781286768,5.5450815126982364e-05
forces	0,5,6.192333890643384e-05,0.0003327048907618942
forcing	1,0,0.00012384667781286768,5.5450815126982364e-05
forecast	0,1,6.192333890643384e-05,0.00011090163025396473
foretell	1,0,0.00012384667781286768,5.5450815126982364e-05
forgotten	0,1,6.192333890643384e-05,0.00011090163025396473
formally	2,0,0.0001857700167193015,5.5450815126982364e-05
forty	0,1,6.192333890643384e-05,0.00011090163025396473
found	1,5,0.00012384667781286768,0.0003327048907618942
four	2,3,0.0001857700167193015,0.00022180326050792945
fran	2,0,0.0001857700167193015,5.5450815126982364e-05
fred	1,0,0.00012384667781286768,5.5450815126982364e-05
friday	2,3,0.0001857700167193015,0.00022180326050792945
friends	0,1,6.192333890643384e-05,0.00011090163025396473
frightened	0,1,6.192333890643384e-05,0.00011090163025396473
frqee	0,1,6.192333890643384e-05,0.00011090163025396473
ftp	1,0,0.00012384667781286768,5.5450815126982364e-05
fulfill	1,0,0.00012384667781286768,5.5450815126982364e-05
full	1,25,0.00012384667781286768,0.0014417211933015416
function	4,0,0.00030961669453216916,5.5450815126982364e-05
fund	1,0,0.00012384667781286768,5.5450815126982364e-05
fundamental	2,0,0.0001857700167193015,5.5450815126982364e-05
funded	1,0,0.00012384667781286768,5.5450815126982364e-05
funding	1,0,0.00012384667781286768,5.5450815126982364e-05
further	7,2,0.0004953867112514707,0.0001663524453809471
gary	7,0,0.0004953867112514707,5.5450815126982364e-05
gas	36,0,0.002291163539538052,5.5450815126982364e-05
gb	0,1,6.192333890643384e-05,0.00011090163025396473
generalize	0,1,6.192333890643384e-05,0.00011090163025396473
generate	0,1,6.192333890643384e-05,0.00011090163025396473
generation	5,0,0.000371540033438603,5.5450815126982364e-05
genuine	0,2,6.192333890643384e-05,0.0001663524453809471
geoffrey	0,1,6.192333890643384e-05,0.00011090163025396473
george	9,0,0.0006192333890643383,5.5450815126982364e-05
georgel	0,1,6.192333890643384e-05,0.00011090163025396473
gets	0,2,6.192333890643384e-05,0.0001663524453809471
getyour	0,1,6.192333890643384e-05,0.00011090163025396473
gibson	1,0,0.00012384667781286768,5.5450815126982364e-05
gift	4,5,0.00030961669453216916,0.0003327048907618942
gilchrist	1,0,0.00012384667781286768,5.5450815126982364e-05
glad	1,0,0.00012384667781286768,5.5450815126982364e-05
glaspie	0,1,6.192333890643384e-05,0.00011090163025396473
glut	0,1,6.192333890643384e-05,0.00011090163025396473
godly	0,1,6.192333890643384e-05,0.00011090163025396473
goods	0,1,6.192333890643384e-05,0.00011090163025396473
gosnell	1,0,0.00012384667781286768,5.5450815126982364e-05
got	0,7,6.192333890643384e-05,0.0004436065210158589
governor	4,0,0.00030961669453216916,5.5450815126982364e-05
gpg	1,0,0.00012384667781286768,5.5450815126982364e-05
grabbing	0,1,6.192333890643384e-05,0.00011090163025396473
grading	0,1,6.192333890643384e-05,0.00011090163025396473
grandfathered	1,0,0.00012384667781286768,5.5450815126982364e-05
grant	6,0,0.00043346337234503684,5.5450815126982364e-05
granting	0,1,6.192333890643384e-05,0.00011090163025396473
graphics	0,5,6.192333890643384e-05,0.0003327048907618942
graves	2,0,0.0001857700167193015,5.5450815126982364e-05
gray	2,0,0.0001857700167193015,5.5450815126982364e-05
great	7,11,0.0004953867112514707,0.0006654097815237884
grief	0,1,6.192333890643384e-05,0.00011090163025396473
grizzly	0,1,6.192333890643384e-05,0.00011090163025396473
gross	3,0,0.00024769335562573535,5.5450815126982364e-05
groups	2,2,0.0001857700167193015,0.0001663524453809471
growing	0,1,6.192333890643384e-05,0.00011090163025396473
guaranteed	0,3,6.192333890643384e-05,0.00022180326050792945
guinea	0,1,6.192333890643384e-05,0.00011090163025396473
gullweig	0,1,6.192333890643384e-05,0.00011090163025396473
guys	3,0,0.00024769335562573535,5.5450815126982364e-05
hair	0,1,6.192333890643384e-05,0.00011090163025396473
hal	1,0,0.00012384667781286768,5.5450815126982364e-05
half	1,1,0.00012384667781286768,0.00011090163025396473
hand	3,1,0.00024769335562573535,0.00011090163025396473
handled	1,1,0.00012384667781286768,0.00011090163025396473
hang	0,1,6.192333890643384e-05,0.00011090163025396473
hangover	0,1,6.192333890643384e-05,0.00011090163025396473
hans	1,0,0.00012384667781286768,5.5450815126982364e-05
happen	2,0,0.0001857700167193015,5.5450815126982364e-05
happy	4,0,0.00030961669453216916,5.5450815126982364e-05
hardware	0,1,6.192333890643384e-05,0.00011090163025396473
harrison	2,0,0.0001857700167193015,5.5450815126982364e-05
hash	0,1,6.192333890643384e-05,0.00011090163025396473
have	61,75,0.0038392470121988978,0.00421426194965066
head	0,3,6.192333890643384e-05,0.00022180326050792945
heading	0,1,6.192333890643384e-05,0.00011090163025396473
health	0,2,6.192333890643384e-05,0.0001663524453809471
heard	0,2,6.192333890643384e-05,0.0001663524453809471
heartburnwestfield	0,1,6.192333890643384e-05,0.00011090163025396473
helpless	0,2,6.192333890643384e-05,0.0001663524453809471
helps	0,1,6.192333890643384e-05,0.00011090163025396473
hemingway	0,1,6.192333890643384e-05,0.00011090163025396473
heno	0,1,6.192333890643384e-05,0.00011090163025396473
here	10,40,0.0006811567279707721,0.002273483420206277
hesitate	0,3,6.192333890643384e-05,0.00022180326050792945
highly	1,0,0.00012384667781286768,5.5450815126982364e-05
highs	1,0,0.00012384667781286768,5.5450815126982364e-05
hijacked	0,2,6.192333890643384e-05,0.0001663524453809471
hike	1,0,0.00012384667781286768,5.5450815126982364e-05
him	3,2,0.00024769335562573535,0.0001663524453809471
himself	0,1,6.192333890643384e-05,0.00011090163025396473
hint	0,1,6.192333890643384e-05,0.00011090163025396473
his	8,22,0.0005573100501579045,0.0012753687479205944
historical	3,0,0.00024769335562573535,5.5450815126982364e-05
history	0,2,6.192333890643384e-05,0.0001663524453809471
hm	0,1,6.192333890643384e-05,0.00011090163025396473
hoffman	2,0,0.0001857700167193015,5.5450815126982364e-05
hold	0,3,6.192333890643384e-05,0.00022180326050792945
holding	0,1,6.192333890643384e-05,0.00011090163025396473
holidays	2,0,0.0001857700167193015,5.5450815126982364e-05
homemakers	0,1,6.192333890643384e-05,0.00011090163025396473
homes	0,2,6.192333890643384e-05,0.0001663524453809471
homestead	0,1,6.192333890643384e-05,0.00011090163025396473
honest	0,1,6.192333890643384e-05,0.00011090163025396473
hood	0,1,6.192333890643384e-05,0.00011090163025396473
hopefully	2,0,0.0001857700167193015,5.5450815126982364e-05
hopes	1,0,0.00012384667781286768,5.5450815126982364e-05
hotmail	0,1,6.192333890643384e-05,0.00011090163025396473
hours	17,9,0.001114620100315809,0.0005545081512698237
howard	14,0,0.0009288500835965075,5.5450815126982364e-05
however	9,2,0.0006192333890643383,0.0001663524453809471
hp	1,0,0.00012384667781286768,5.5450815126982364e-05
hpl	10,0,0.0006811567279707721,5.5450815126982364e-05
hplc	1,0,0.00012384667781286768,5.5450815126982364e-05
hplr	1,0,0.00012384667781286768,5.5450815126982364e-05
hris	1,0,0.00012384667781286768,5.5450815126982364e-05
huang	4,0,0.00030961669453216916,5.5450815126982364e-05
human	11,2,0.000743080066877206,0.0001663524453809471
humility	0,2,6.192333890643384e-05,0.0001663524453809471
hundreds	0,1,6.192333890643384e-05,0.00011090163025396473
hunt	0,1,6.192333890643384e-05,0.00011090163025396473
hurdles	1,0,0.00012384667781286768,5.5450815126982364e-05
hurry	2,2,0.0001857700167193015,0.0001663524453809471
husband	0,4,6.192333890643384e-05,0.00027725407563491185
hyde	1,0,0.00012384667781286768,5.5450815126982364e-05
hype	0,1,6.192333890643384e-05,0.00011090163025396473
i	113,106,0.007059260635333457,0.005933237218587113
iain	1,0,0.00012384667781286768,5.5450815126982364e-05
idiot	0,1,6.192333890643384e-05,0.00011090163025396473
if	32,55,0.0020434701839123167,0.0031052456471110127
igh	0,1,6.192333890643384e-05,0.00011090163025396473
ii	3,0,0.00024769335562573535,5.5450815126982364e-05
illness	0,1,6.192333890643384e-05,0.00011090163025396473
illustrator	0,2,6.192333890643384e-05,0.0001663524453809471
important	4,5,0.00030961669453216916,0.0003327048907618942
impresses	0,1,6.192333890643384e-05,0.00011090163025396473
impressive	0,1,6.192333890643384e-05,0.00011090163025396473
improved	2,3,0.0001857700167193015,0.00022180326050792945
improving	0,1,6.192333890643384e-05,0.00011090163025396473
iname	0,1,6.192333890643384e-05,0.00011090163025396473
incessantly	0,1,6.192333890643384e-05,0.00011090163025396473
included	1,5,0.00012384667781286768,0.0003327048907618942
including	12,3,0.0008050034057836399,0.00022180326050792945
inclusive	0,1,6.192333890643384e-05,0.00011090163025396473
incorporated	1,0,0.00012384667781286768,5.5450815126982364e-05
increased	0,5,6.192333890643384e-05,0.0003327048907618942
increases	2,0,0.0001857700167193015,5.5450815126982364e-05
increasing	2,0,0.0001857700167193015,5.5450815126982364e-05
indicated	1,0,0.00012384667781286768,5.5450815126982364e-05
indicator	0,1,6.192333890643384e-05,0.00011090163025396473
indices	1,0,0.00012384667781286768,5.5450815126982364e-05
individual	2,2,0.0001857700167193015,0.0001663524453809471
industries	0,1,6.192333890643384e-05,0.00011090163025396473
inform	1,0,0.00012384667781286768,5.5450815126982364e-05
informative	0,1,6.192333890643384e-05,0.00011090163025396473
informed	2,2,0.0001857700167193015,0.0001663524453809471
initially	2,0,0.0001857700167193015,5.5450815126982364e-05
inlcuding	1,0,0.00012384667781286768,5.5450815126982364e-05
inlet	4,0,0.00030961669453216916,5.5450815126982364e-05
innovatus	1,0,0.00012384667781286768,5.5450815126982364e-05
inputs	1,0,0.00012384667781286768,5.5450815126982364e-05
inside	0,2,6.192333890643384e-05,0.0001663524453809471
insider	0,1,6.192333890643384e-05,0.00011090163025396473
instead	0,3,6.192333890643384e-05,0.00022180326050792945
institutions	0,1,6.192333890643384e-05,0.00011090163025396473
instrument	0,1,6.192333890643384e-05,0.00011090163025396473
insufficient	0,1,6.192333890643384e-05,0.00011090163025396473
insults	0,1,6.192333890643384e-05,0.00011090163025396473
intend	2,0,0.0001857700167193015,5.5450815126982364e-05
intended	1,0,0.00012384667781286768,5.5450815126982364e-05
interests	0,5,6.192333890643384e-05,0.0003327048907618942
internal	6,1,0.00043346337234503684,0.00011090163025396473
internet	0,12,6.192333890643384e-05,0.0007208605966507708
interrupted	0,1,6.192333890643384e-05,0.00011090163025396473
investment	4,6,0.00030961669453216916,0.0003881557058888766
investors	0,1,6.192333890643384e-05,0.00011090163025396473
invoices	1,0,0.00012384667781286768,5.5450815126982364e-05
involuntary	3,0,0.00024769335562573535,5.5450815126982364e-05
iowa	0,1,6.192333890643384e-05,0.00011090163025396473
ipps	5,0,0.000371540033438603,5.5450815126982364e-05
isalso	0,1,6.192333890643384e-05,0.00011090163025396473
isn	0,3,6.192333890643384e-05,0.00022180326050792945
isps	0,2,6.192333890643384e-05,0.0001663524453809471
iteam	0,1,6.192333890643384e-05,0.00011090163025396473
items	2,10,0.0001857700167193015,0.0006099589663968061
its	8,15,0.0005573100501579045,0.0008872130420317178
ivernia	0,2,6.192333890643384e-05,0.0001663524453809471
jackie	1,0,0.00012384667781286768,5.5450815126982364e-05
jane	1,0,0.00012384667781286768,5.5450815126982364e-05
janice	1,0,0.00012384667781286768,5.5450815126982364e-05
janie	1,0,0.00012384667781286768,5.5450815126982364e-05
january	2,0,0.0001857700167193015,5.5450815126982364e-05
japan	3,0,0.00024769335562573535,5.5450815126982364e-05
jeff	1,0,0.00012384667781286768,5.5450815126982364e-05
job	3,0,0.00024769335562573535,5.5450815126982364e-05
joe	1,0,0.00012384667781286768,5.5450815126982364e-05
joel	0,6,6.192333890643384e-05,0.0003881557058888766
join	5,4,0.000371540033438603,0.00027725407563491185
joinder	1,0,0.00012384667781286768,5.5450815126982364e-05
joined	2,0,0.0001857700167193015,5.5450815126982364e-05
joining	3,0,0.00024769335562573535,5.5450815126982364e-05
jon	1,0,0.00012384667781286768,5.5450815126982364e-05
jones	3,0,0.00024769335562573535,5.5450815126982364e-05
jsp	0,2,6.192333890643384e-05,0.0001663524453809471
jturco	0,1,6.192333890643384e-05,0.00011090163025396473
julie	5,0,0.000371540033438603,5.5450815126982364e-05
jvbe	0,1,6.192333890643384e-05,0.00011090163025396473
kaminski	11,0,0.000743080066877206,5.5450815126982364e-05
kcs	1,0,0.00012384667781286768,5.5450815126982364e-05
keeley	5,0,0.000371540033438603,5.5450815126982364e-05
kenny	1,0,0.00012384667781286768,5.5450815126982364e-05
kerb	0,1,6.192333890643384e-05,0.00011090163025396473
keyboard	0,2,6.192333890643384e-05,0.0001663524453809471
keys	1,0,0.00012384667781286768,5.5450815126982364e-05
keywordcount	0,1,6.192333890643384e-05,0.00011090163025396473
kid	0,1,6.192333890643384e-05,0.00011090163025396473
killings	0,2,6.192333890643384e-05,0.0001663524453809471
kim	3,0,0.00024769335562573535,5.5450815126982364e-05
kinda	1,0,0.00012384667781286768,5.5450815126982364e-05
kindall	4,0,0.00030961669453216916,5.5450815126982364e-05
kindly	0,1,6.192333890643384e-05,0.00011090163025396473
kinds	0,2,6.192333890643384e-05,0.0001663524453809471
know	19,18,0.0012384667781286766,0.001053565487412665
knowledge	4,0,0.00030961669453216916,5.5450815126982364e-05
koromah	0,2,6.192333890643384e-05,0.0001663524453809471
krishnarao	5,0,0.000371540033438603,5.5450815126982364e-05
kwh	1,0,0.00012384667781286768,5.5450815126982364e-05
l	9,1,0.0006192333890643383,0.00011090163025396473
labor	1,0,0.00012384667781286768,5.5450815126982364e-05
law	3,2,0.00024769335562573535,0.0001663524453809471
learns	2,0,0.0001857700167193015,5.5450815126982364e-05
lease	0,1,6.192333890643384e-05,0.00011090163025396473
least	3,7,0.00024769335562573535,0.0004436065210158589
leave	3,1,0.00024769335562573535,0.00011090163025396473
legislature	6,0,0.00043346337234503684,5.5450815126982364e-05
lemelman	0,1,6.192333890643384e-05,0.00011090163025396473
length	0,1,6.192333890643384e-05,0.00011090163025396473
leone	0,4,6.192333890643384e-05,0.00027725407563491185
lesson	0,2,6.192333890643384e-05,0.0001663524453809471
letters	0,11,6.192333890643384e-05,0.0006654097815237884
levels	0,2,6.192333890643384e-05,0.0001663524453809471
leverage	1,0,0.00012384667781286768,5.5450815126982364e-05
licence	0,1,6.192333890643384e-05,0.00011090163025396473
lifts	0,1,6.192333890643384e-05,0.00011090163025396473
limitations	1,0,0.00012384667781286768,5.5450815126982364e-05
limited	4,8,0.00030961669453216916,0.0004990573361428413
linkpaks	0,4,6.192333890643384e-05,0.00027725407563491185
liquid	0,1,6.192333890643384e-05,0.00011090163025396473
list	3,14,0.00024769335562573535,0.0008317622269047354
listed	4,3,0.00030961669453216916,0.00022180326050792945
literally	0,1,6.192333890643384e-05,0.00011090163025396473
literature	1,0,0.00012384667781286768,5.5450815126982364e-05
litterbug	0,1,6.192333890643384e-05,0.00011090163025396473
little	1,7,0.00012384667781286768,0.0004436065210158589
live	1,0,0.00012384667781286768,5.5450815126982364e-05
ll	1,16,0.00012384667781286768,0.0009426638571587002
llc	1,0,0.00012384667781286768,5.5450815126982364e-05
llittle	1,0,0.00012384667781286768,5.5450815126982364e-05
loads	0,1,6.192333890643384e-05,0.00011090163025396473
located	3,1,0.00024769335562573535,0.00011090163025396473
locomotive	0,1,6.192333890643384e-05,0.00011090163025396473
lollipops	0,1,6.192333890643384e-05,0.00011090163025396473
long	5,8,0.000371540033438603,0.0004990573361428413
looks	1,4,0.00012384667781286768,0.00027725407563491185
lose	0,2,6.192333890643384e-05,0.0001663524453809471
lots	1,1,0.00012384667781286768,0.00011090163025396473
louise	7,0,0.0004953867112514707,5.5450815126982364e-05
lounsbury	0,1,6.192333890643384e-05,0.00011090163025396473
love	1,1,0.00012384667781286768,0.00011090163025396473
lst	2,0,0.0001857700167193015,5.5450815126982364e-05
lu	5,0,0.000371540033438603,5.5450815126982364e-05
lucky	0,1,6.192333890643384e-05,0.00011090163025396473
luo	0,1,6.192333890643384e-05,0.00011090163025396473
luong	1,0,0.00012384667781286768,5.5450815126982364e-05
lx	1,0,0.00012384667781286768,5.5450815126982364e-05
lyn	7,0,0.0004953867112514707,5.5450815126982364e-05
magnesium	0,1,6.192333890643384e-05,0.00011090163025396473
mailman	0,2,6.192333890643384e-05,0.0001663524453809471
maine	1,0,0.00012384667781286768,5.5450815126982364e-05
maintain	2,0,0.0001857700167193015,5.5450815126982364e-05
major	0,3,6.192333890643384e-05,0.00022180326050792945
make	6,24,0.00043346337234503684,0.0013862703781745592
managed	2,4,0.0001857700167193015,0.00027725407563491185
management	40,0,0.002538856895163787,5.5450815126982364e-05
managerial	2,0,0.0001857700167193015,5.5450815126982364e-05
managers	1,0,0.00012384667781286768,5.5450815126982364e-05
manages	2,0,0.0001857700167193015,5.5450815126982364e-05
managing	0,1,6.192333890643384e-05,0.00011090163025396473
markets	5,0,0.000371540033438603,5.5450815126982364e-05
marla	1,0,0.00012384667781286768,5.5450815126982364e-05
martin	6,0,0.00043346337234503684,5.5450815126982364e-05
mary	7,0,0.0004953867112514707,5.5450815126982364e-05
masson	5,0,0.000371540033438603,5.5450815126982364e-05
match	1,1,0.00012384667781286768,0.00011090163025396473
matches	0,2,6.192333890643384e-05,0.0001663524453809471
matt	1,0,0.00012384667781286768,5.5450815126982364e-05
may	9,10,0.0006192333890643383,0.0006099589663968061
mayes	1,0,0.00012384667781286768,5.5450815126982364e-05
mb	0,1,6.192333890643384e-05,0.00011090163025396473
mcbeal	1,0,0.00012384667781286768,5.5450815126982364e-05
mclean	1,0,0.00012384667781286768,5.5450815126982364e-05
mcmullen	2,0,0.0001857700167193015,5.5450815126982364e-05
me	27,23,0.0017338534893801473,0.0013308195630475769
mean	0,1,6.192333890643384e-05,0.00011090163025396473
meanwhile	0,2,6.192333890643384e-05,0.0001663524453809471
medication	0,1,6.192333890643384e-05,0.00011090163025396473
mediums	0,1,6.192333890643384e-05,0.00011090163025396473
melissa	2,0,0.0001857700167193015,5.5450815126982364e-05
melodick	1,0,0.00012384667781286768,5.5450815126982364e-05
members	4,5,0.00030961669453216916,0.0003327048907618942
membership	0,13,6.192333890643384e-05,0.0007763114117777532
mention	0,1,6.192333890643384e-05,0.00011090163025396473
mentioned	2,2,0.0001857700167193015,0.0001663524453809471
merchandise	0,2,6.192333890643384e-05,0.0001663524453809471
message	1,14,0.00012384667781286768,0.0008317622269047354
metal	0,1,6.192333890643384e-05,0.00011090163025396473
methods	0,1,6.192333890643384e-05,0.00011090163025396473
mexico	0,1,6.192333890643384e-05,0.00011090163025396473
miami	0,1,6.192333890643384e-05,0.00011090163025396473
michael	7,1,0.0004953867112514707,0.00011090163025396473
might	4,5,0.00030961669453216916,0.0003327048907618942
millenium	0,1,6.192333890643384e-05,0.00011090163025396473
million	0,12,6.192333890643384e-05,0.0007208605966507708
min	1,1,0.00012384667781286768,0.00011090163025396473
mineral	0,2,6.192333890643384e-05,0.0001663524453809471
mines	0,1,6.192333890643384e-05,0.00011090163025396473
mini	1,0,0.00012384667781286768,5.5450815126982364e-05
mining	0,7,6.192333890643384e-05,0.0004436065210158589
minor	0,1,6.192333890643384e-05,0.00011090163025396473
mirant	1,0,0.00012384667781286768,5.5450815126982364e-05
miserable	0,1,6.192333890643384e-05,0.00011090163025396473
mislead	0,1,6.192333890643384e-05,0.00011090163025396473
miss	0,2,6.192333890643384e-05,0.0001663524453809471
missed	1,1,0.00012384667781286768,0.00011090163025396473
missing	0,1,6.192333890643384e-05,0.00011090163025396473
missouri	0,1,6.192333890643384e-05,0.00011090163025396473
misspelled	0,1,6.192333890643384e-05,0.00011090163025396473
mmbtu	3,0,0.00024769335562573535,5.5450815126982364e-05
moderate	1,0,0.00012384667781286768,5.5450815126982364e-05
monday	11,2,0.000743080066877206,0.0001663524453809471
money	1,22,0.00012384667781286768,0.0012753687479205944
montana	0,1,6.192333890643384e-05,0.00011090163025396473
moore	39,0,0.0024769335562573533,5.5450815126982364e-05
more	15,34,0.0009907734225029414,0.0019407785294443829
morning	8,2,0.0005573100501579045,0.0001663524453809471
moviebuff	0,2,6.192333890643384e-05,0.0001663524453809471
mperkins	1,0,0.00012384667781286768,5.5450815126982364e-05
much	6,13,0.00043346337234503684,0.0007763114117777532
multiple	1,4,0.00012384667781286768,0.00027725407563491185
mustard	0,1,6.192333890643384e-05,0.00011090163025396473
mw	3,0,0.00024769335562573535,5.5450815126982364e-05
mysiteinc	0,3,6.192333890643384e-05,0.00022180326050792945
na	2,3,0.0001857700167193015,0.00022180326050792945
name	7,12,0.0004953867112514707,0.0007208605966507708
natives	0,1,6.192333890643384e-05,0.00011090163025396473
natural	6,1,0.00043346337234503684,0.00011090163025396473
nearly	0,1,6.192333890643384e-05,0.00011090163025396473
neck	0,1,6.192333890643384e-05,0.00011090163025396473
negotiation	0,1,6.192333890643384e-05,0.00011090163025396473
neighbor	0,1,6.192333890643384e-05,0.00011090163025396473
neighboring	0,2,6.192333890643384e-05,0.0001663524453809471
net	2,22,0.0001857700167193015,0.0012753687479205944
netrepreneur	0,1,6.192333890643384e-05,0.00011090163025396473
netwww	0,1,6.192333890643384e-05,0.00011090163025396473
new	39,19,0.0024769335562573533,0.0011090163025396474
newsletter	0,22,6.192333890643384e-05,0.0012753687479205944
next	11,13,0.000743080066877206,0.0007763114117777532
ngo	2,0,0.0001857700167193015,5.5450815126982364e-05
ngx	1,0,0.00012384667781286768,5.5450815126982364e-05
nickel	0,4,6.192333890643384e-05,0.00027725407563491185
niestrath	1,0,0.00012384667781286768,5.5450815126982364e-05
nighttime	0,2,6.192333890643384e-05,0.0001663524453809471
nim	2,0,0.0001857700167193015,5.5450815126982364e-05
nine	0,1,6.192333890643384e-05,0.00011090163025396473
njwa	1,0,0.00012384667781286768,5.5450815126982364e-05
nom	6,0,0.00043346337234503684,5.5450815126982364e-05
none	0,2,6.192333890643384e-05,0.0001663524453809471
north	8,3,0.0005573100501579045,0.00022180326050792945
norton	0,3,6.192333890643384e-05,0.00022180326050792945
nospam	0,1,6.192333890643384e-05,0.00011090163025396473
note	3,4,0.00024769335562573535,0.00027725407563491185
nothing	2,2,0.0001857700167193015,0.0001663524453809471
notice	2,1,0.0001857700167193015,0.00011090163025396473
notiffiyved	0,1,6.192333890643384e-05,0.00011090163025396473
notification	1,0,0.00012384667781286768,5.5450815126982364e-05
nov	5,0,0.000371540033438603,5.5450815126982364e-05
nrg	1,0,0.00012384667781286768,5.5450815126982364e-05
ns	0,1,6.192333890643384e-05,0.00011090163025396473
num	0,1,6.192333890643384e-05,0.00011090163025396473
numerous	1,0,0.00012384667781286768,5.5450815126982364e-05
o	1,5,0.00012384667781286768,0.0003327048907618942
oak	0,1,6.192333890643384e-05,0.00011090163025396473
obligations	0,1,6.192333890643384e-05,0.00011090163025396473
observations	2,0,0.0001857700167193015,5.5450815126982364e-05
occur	0,1,6.192333890643384e-05,0.00011090163025396473
oceania	0,1,6.192333890643384e-05,0.00011090163025396473
odin	0,1,6.192333890643384e-05,0.00011090163025396473
oem	0,3,6.192333890643384e-05,0.00022180326050792945
of	188,252,0.011703511053315995,0.01402905622712654
off	3,3,0.00024769335562573535,0.00022180326050792945
offices	2,0,0.0001857700167193015,5.5450815126982364e-05
often	0,4,6.192333890643384e-05,0.00027725407563491185
oil	1,0,0.00012384667781286768,5.5450815126982364e-05
oilshale	0,1,6.192333890643384e-05,0.00011090163025396473
olson	2,0,0.0001857700167193015,5.5450815126982364e-05
ongoing	2,0,0.0001857700167193015,5.5450815126982364e-05
online	0,14,6.192333890643384e-05,0.0008317622269047354
only	9,16,0.0006192333890643383,0.0009426638571587002
oo	0,5,6.192333890643384e-05,0.0003327048907618942
operational	4,0,0.00030961669453216916,5.5450815126982364e-05
operations	29,0,0.001857700167193015,5.5450815126982364e-05
opportunity	2,5,0.0001857700167193015,0.0003327048907618942
opt	0,2,6.192333890643384e-05,0.0001663524453809471
options	2,0,0.0001857700167193015,5.5450815126982364e-05
or	41,88,0.002600780234070221,0.00493512254630143
orange	0,1,6.192333890643384e-05,0.00011090163025396473
order	6,33,0.00043346337234503684,0.0018853277143174004
ordered	5,0,0.000371540033438603,5.5450815126982364e-05
organizational	1,0,0.00012384667781286768,5.5450815126982364e-05
orgoto	0,1,6.192333890643384e-05,0.00011090163025396473
originator	2,0,0.0001857700167193015,5.5450815126982364e-05
orleantraders	0,1,6.192333890643384e-05,0.00011090163025396473
other	13,19,0.0008669267446900737,0.0011090163025396474
our	24,39,0.0015480834726608458,0.002218032605079295
outdated	0,1,6.192333890643384e-05,0.00011090163025396473
outline	2,0,0.0001857700167193015,5.5450815126982364e-05
outside	1,0,0.00012384667781286768,5.5450815126982364e-05
outstanding	2,1,0.0001857700167193015,0.00011090163025396473
over	14,24,0.0009288500835965075,0.0013862703781745592
overpaying	0,1,6.192333890643384e-05,0.00011090163025396473
overuse	0,1,6.192333890643384e-05,0.00011090163025396473
owner	0,2,6.192333890643384e-05,0.0001663524453809471
oxidation	0,1,6.192333890643384e-05,0.00011090163025396473
oxley	3,0,0.00024769335562573535,5.5450815126982364e-05
oxx	0,1,6.192333890643384e-05,0.00011090163025396473
ozarka	1,0,0.00012384667781286768,5.5450815126982364e-05
pages	0,9,6.192333890643384e-05,0.0005545081512698237
paid	3,2,0.00024769335562573535,0.0001663524453809471
paidtosurf	0,2,6.192333890643384e-05,0.0001663524453809471
pamela	2,0,0.0001857700167193015,5.5450815126982364e-05
panel	0,1,6.192333890643384e-05,0.00011090163025396473
pangs	0,1,6.192333890643384e-05,0.00011090163025396473
papers	0,1,6.192333890643384e-05,0.00011090163025396473
paragraphs	0,8,6.192333890643384e-05,0.0004990573361428413
parents	1,0,0.00012384667781286768,5.5450815126982364e-05
particularly	2,1,0.0001857700167193015,0.00011090163025396473
partners	2,1,0.0001857700167193015,0.00011090163025396473
paso	2,0,0.0001857700167193015,5.5450815126982364e-05
path	1,0,0.00012384667781286768,5.5450815126982364e-05
pay	1,3,0.00012384667781286768,0.00022180326050792945
paying	2,0,0.0001857700167193015,5.5450815126982364e-05
payroll	5,0,0.000371540033438603,5.5450815126982364e-05
pbem	0,1,6.192333890643384e-05,0.00011090163025396473
pcenergy	3,0,0.00024769335562573535,5.5450815126982364e-05
peace	0,3,6.192333890643384e-05,0.00022180326050792945
peaking	0,1,6.192333890643384e-05,0.00011090163025396473
peers	1,0,0.00012384667781286768,5.5450815126982364e-05
people	4,24,0.00030961669453216916,0.0013862703781745592
per	1,7,0.00012384667781286768,0.0004436065210158589
performance	5,2,0.000371540033438603,0.0001663524453809471
performer	0,2,6.192333890643384e-05,0.0001663524453809471
person	2,12,0.0001857700167193015,0.0007208605966507708
perspective	7,0,0.0004953867112514707,5.5450815126982364e-05
pest	0,1,6.192333890643384e-05,0.00011090163025396473
pgm	0,1,6.192333890643384e-05,0.00011090163025396473
ph	1,2,0.00012384667781286768,0.0001663524453809471
photoshop	0,3,6.192333890643384e-05,0.00022180326050792945
physical	4,0,0.00030961669453216916,5.5450815126982364e-05
physicians	0,1,6.192333890643384e-05,0.00011090163025396473
pibrochs	0,1,6.192333890643384e-05,0.00011090163025396473
pick	2,1,0.0001857700167193015,0.00011090163025396473
pictures	1,7,0.00012384667781286768,0.0004436065210158589
pilot	6,0,0.00043346337234503684,5.5450815126982364e-05
plant	1,1,0.00012384667781286768,0.00011090163025396473
planted	1,0,0.00012384667781286768,5.5450815126982364e-05
played	0,1,6.192333890643384e-05,0.00011090163025396473
points	1,2,0.00012384667781286768,0.0001663524453809471
pops	1,1,0.00012384667781286768,0.00011090163025396473
popular	0,1,6.192333890643384e-05,0.00011090163025396473
position	5,1,0.000371540033438603,0.00011090163025396473
possibly	1,0,0.00012384667781286768,5.5450815126982364e-05
powerquest	0,1,6.192333890643384e-05,0.00011090163025396473
pray	0,1,6.192333890643384e-05,0.00011090163025396473
prbolem	0,1,6.192333890643384e-05,0.00011090163025396473
pre	0,1,6.192333890643384e-05,0.00011090163025396473
preferences	0,2,6.192333890643384e-05,0.0001663524453809471
premature	1,0,0.00012384667781286768,5.5450815126982364e-05
premiums	0,2,6.192333890643384e-05,0.0001663524453809471
preposition	0,1,6.192333890643384e-05,0.00011090163025396473
presas	2,0,0.0001857700167193015,5.5450815126982364e-05
presccription	0,1,6.192333890643384e-05,0.00011090163025396473
presumably	0,1,6.192333890643384e-05,0.00011090163025396473
prevatt	4,0,0.00030961669453216916,5.5450815126982364e-05
previously	1,1,0.00012384667781286768,0.00011090163025396473
price	9,14,0.0006192333890643383,0.0008317622269047354
pricked	0,1,6.192333890643384e-05,0.00011090163025396473
priicce	0,1,6.192333890643384e-05,0.00011090163025396473
priice	0,1,6.192333890643384e-05,0.00011090163025396473
principle	0,1,6.192333890643384e-05,0.00011090163025396473
priscilla	1,0,0.00012384667781286768,5.5450815126982364e-05
problem	1,2,0.00012384667781286768,0.0001663524453809471
problematic	1,0,0.00012384667781286768,5.5450815126982364e-05
proceed	0,2,6.192333890643384e-05,0.0001663524453809471
production	6,2,0.00043346337234503684,0.0001663524453809471
professionals	2,0,0.0001857700167193015,5.5450815126982364e-05
profile	2,1,0.0001857700167193015,0.00011090163025396473
profit	0,5,6.192333890643384e-05,0.0003327048907618942
progress	2,0,0.0001857700167193015,5.5450815126982364e-05
project	7,9,0.0004953867112514707,0.0005545081512698237
promised	0,1,6.192333890643384e-05,0.00011090163025396473
promising	0,1,6.192333890643384e-05,0.00011090163025396473
promote	0,2,6.192333890643384e-05,0.0001663524453809471
proposed	2,0,0.0001857700167193015,5.5450815126982364e-05
provided	0,3,6.192333890643384e-05,0.00022180326050792945
providers	0,2,6.192333890643384e-05,0.0001663524453809471
providing	1,1,0.00012384667781286768,0.00011090163025396473
province	0,1,6.192333890643384e-05,0.00011090163025396473
prriicegreat	0,1,6.192333890643384e-05,0.00011090163025396473
pting	0,1,6.192333890643384e-05,0.00011090163025396473
public	1,0,0.00012384667781286768,5.5450815126982364e-05
publicity	0,1,6.192333890643384e-05,0.00011090163025396473
published	0,3,6.192333890643384e-05,0.00022180326050792945
publishing	0,2,6.192333890643384e-05,0.0001663524453809471
pure	0,1,6.192333890643384e-05,0.00011090163025396473
put	3,8,0.00024769335562573535,0.0004990573361428413
pwarden	1,0,0.00012384667781286768,5.5450815126982364e-05
qualified	0,1,6.192333890643384e-05,0.00011090163025396473
quality	4,8,0.00030961669453216916,0.0004990573361428413
question	0,7,6.192333890643384e-05,0.0004436065210158589
quickens	0,1,6.192333890643384e-05,0.00011090163025396473
quite	2,1,0.0001857700167193015,0.00011090163025396473
quitting	0,1,6.192333890643384e-05,0.00011090163025396473
r	2,13,0.0001857700167193015,0.0007763114117777532
rabey	1,0,0.00012384667781286768,5.5450815126982364e-05
race	0,1,6.192333890643384e-05,0.00011090163025396473
ran	0,2,6.192333890643384e-05,0.0001663524453809471
randle	1,0,0.00012384667781286768,5.5450815126982364e-05
randomly	0,1,6.192333890643384e-05,0.00011090163025396473
range	0,2,6.192333890643384e-05,0.0001663524453809471
rankings	1,0,0.00012384667781286768,5.5450815126982364e-05
rare	0,1,6.192333890643384e-05,0.00011090163025396473
rat	0,2,6.192333890643384e-05,0.0001663524453809471
rated	0,2,6.192333890643384e-05,0.0001663524453809471
rates	2,3,0.0001857700167193015,0.00022180326050792945
rating	0,2,6.192333890643384e-05,0.0001663524453809471
ratio	0,1,6.192333890643384e-05,0.00011090163025396473
raymond	7,0,0.0004953867112514707,5.5450815126982364e-05
rea	0,1,6.192333890643384e-05,0.00011090163025396473
reader	0,23,6.192333890643384e-05,0.0013308195630475769
real	0,10,6.192333890643384e-05,0.0006099589663968061
rear	0,1,6.192333890643384e-05,0.00011090163025396473
reason	2,3,0.0001857700167193015,0.00022180326050792945
rebel	0,2,6.192333890643384e-05,0.0001663524453809471
recently	4,0,0.00030961669453216916,5.5450815126982364e-05
reception	1,0,0.00012384667781286768,5.5450815126982364e-05
recipient	2,0,0.0001857700167193015,5.5450815126982364e-05
recognition	0,1,6.192333890643384e-05,0.00011090163025396473
recommend	1,0,0.00012384667781286768,5.5450815126982364e-05
recommendations	3,1,0.00024769335562573535,0.00011090163025396473
record	2,0,0.0001857700167193015,5.5450815126982364e-05
recorded	0,1,6.192333890643384e-05,0.00011090163025396473
recovery	1,1,0.00012384667781286768,0.00011090163025396473
red	0,2,6.192333890643384e-05,0.0001663524453809471
redesign	0,2,6.192333890643384e-05,0.0001663524453809471
reduced	0,1,6.192333890643384e-05,0.00011090163025396473
reduces	0,2,6.192333890643384e-05,0.0001663524453809471
reflect	1,0,0.00012384667781286768,5.5450815126982364e-05
reflected	1,0,0.00012384667781286768,5.5450815126982364e-05
reflections	0,1,6.192333890643384e-05,0.00011090163025396473
regardless	3,0,0.00024769335562573535,5.5450815126982364e-05
regards	4,0,0.00030961669453216916,5.5450815126982364e-05
regina	0,6,6.192333890643384e-05,0.0003881557058888766
regional	8,0,0.0005573100501579045,5.5450815126982364e-05
regions	4,1,0.00030961669453216916,0.00011090163025396473
regulations	3,0,0.00024769335562573535,5.5450815126982364e-05
released	0,2,6.192333890643384e-05,0.0001663524453809471
releases	0,2,6.192333890643384e-05,0.0001663524453809471
reliantenergy	3,0,0.00024769335562573535,5.5450815126982364e-05
remain	0,1,6.192333890643384e-05,0.00011090163025396473
remainder	2,0,0.0001857700167193015,5.5450815126982364e-05
remaining	2,1,0.0001857700167193015,0.00011090163025396473
remind	0,1,6.192333890643384e-05,0.00011090163025396473
remove	0,4,6.192333890643384e-05,0.00027725407563491185
remunerate	0,1,6.192333890643384e-05,0.00011090163025396473
repeatedly	0,1,6.192333890643384e-05,0.00011090163025396473
replace	1,1,0.00012384667781286768,0.00011090163025396473
replies	0,1,6.192333890643384e-05,0.00011090163025396473
repling	1,0,0.00012384667781286768,5.5450815126982364e-05
reportedly	1,0,0.00012384667781286768,5.5450815126982364e-05
republicans	1,0,0.00012384667781286768,5.5450815126982364e-05
request	3,8,0.00024769335562573535,0.0004990573361428413
require	2,0,0.0001857700167193015,5.5450815126982364e-05
reread	0,1,6.192333890643384e-05,0.00011090163025396473
reserved	1,2,0.00012384667781286768,0.0001663524453809471
residue	1,0,0.00012384667781286768,5.5450815126982364e-05
resolve	4,0,0.00030961669453216916,5.5450815126982364e-05
resources	15,6,0.0009907734225029414,0.0003881557058888766
response	0,2,6.192333890643384e-05,0.0001663524453809471
responsibility	10,0,0.0006811567279707721,5.5450815126982364e-05
restless	0,1,6.192333890643384e-05,0.00011090163025396473
results	1,3,0.00012384667781286768,0.00022180326050792945
resume	3,0,0.00024769335562573535,5.5450815126982364e-05
retarding	0,1,6.192333890643384e-05,0.00011090163025396473
retire	1,1,0.00012384667781286768,0.00011090163025396473
return	5,2,0.000371540033438603,0.0001663524453809471
returned	0,2,6.192333890643384e-05,0.0001663524453809471
rev	2,0,0.0001857700167193015,5.5450815126982364e-05
revenue	2,0,0.0001857700167193015,5.5450815126982364e-05
reversed	0,1,6.192333890643384e-05,0.00011090163025396473
revolutionary	0,1,6.192333890643384e-05,0.00011090163025396473
rewarding	0,2,6.192333890643384e-05,0.0001663524453809471
rge	0,1,6.192333890643384e-05,0.00011090163025396473
rhine	0,1,6.192333890643384e-05,0.00011090163025396473
rhinopez	0,1,6.192333890643384e-05,0.00011090163025396473
ride	2,0,0.0001857700167193015,5.5450815126982364e-05
rightly	0,1,6.192333890643384e-05,0.00011090163025396473
rights	0,4,6.192333890643384e-05,0.00027725407563491185
rise	0,1,6.192333890643384e-05,0.00011090163025396473
risk	31,3,0.001981546845005883,0.00022180326050792945
rita	3,0,0.00024769335562573535,5.5450815126982364e-05
river	1,1,0.00012384667781286768,0.00011090163025396473
riverdeep	0,1,6.192333890643384e-05,0.00011090163025396473
rmation	0,1,6.192333890643384e-05,0.00011090163025396473
robert	6,1,0.00043346337234503684,0.00011090163025396473
rodney	1,0,0.00012384667781286768,5.5450815126982364e-05
rodriguez	2,0,0.0001857700167193015,5.5450815126982364e-05
rogram	0,1,6.192333890643384e-05,0.00011090163025396473
roll	0,1,6.192333890643384e-05,0.00011090163025396473
romantic	1,0,0.00012384667781286768,5.5450815126982364e-05
romeo	1,0,0.00012384667781286768,5.5450815126982364e-05
roof	0,2,6.192333890643384e-05,0.0001663524453809471
rosel	0,2,6.192333890643384e-05,0.0001663524453809471
rossman	0,12,6.192333890643384e-05,0.0007208605966507708
round	0,1,6.192333890643384e-05,0.00011090163025396473
roxio	0,1,6.192333890643384e-05,0.00011090163025396473
rules	0,1,6.192333890643384e-05,0.00011090163025396473
ruling	2,0,0.0001857700167193015,5.5450815126982364e-05
runkel	1,0,0.00012384667781286768,5.5450815126982364e-05
rx	0,1,6.192333890643384e-05,0.00011090163025396473
saa	0,1,6.192333890643384e-05,0.00011090163025396473
saave	0,7,6.192333890643384e-05,0.0004436065210158589
said	0,2,6.192333890643384e-05,0.0001663524453809471
salaried	0,1,6.192333890643384e-05,0.00011090163025396473
sallen	1,0,0.00012384667781286768,5.5450815126982364e-05
sally	23,0,0.001486160133754412,5.5450815126982364e-05
sam	3,0,0.00024769335562573535,5.5450815126982364e-05
sample	0,6,6.192333890643384e-05,0.0003881557058888766
sandton	0,2,6.192333890643384e-05,0.0001663524453809471
sap	17,0,0.001114620100315809,5.5450815126982364e-05
saving	0,2,6.192333890643384e-05,0.0001663524453809471
say	1,2,0.00012384667781286768,0.0001663524453809471
saying	0,3,6.192333890643384e-05,0.00022180326050792945
scenario	1,0,0.00012384667781286768,5.5450815126982364e-05
schafer	1,0,0.00012384667781286768,5.5450815126982364e-05
schaffer	1,0,0.00012384667781286768,5.5450815126982364e-05
scheduled	3,0,0.00024769335562573535,5.5450815126982364e-05
scheduling	4,0,0.00030961669453216916,5.5450815126982364e-05
school	0,1,6.192333890643384e-05,0.00011090163025396473
score	0,1,6.192333890643384e-05,0.00011090163025396473
scotty	1,0,0.00012384667781286768,5.5450815126982364e-05
scout	1,0,0.00012384667781286768,5.5450815126982364e-05
scratch	0,1,6.192333890643384e-05,0.00011090163025396473
sds	0,1,6.192333890643384e-05,0.00011090163025396473
searching	1,1,0.00012384667781286768,0.00011090163025396473
second	1,3,0.00012384667781286768,0.00022180326050792945
securitization	2,0,0.0001857700167193015,5.5450815126982364e-05
security	1,5,0.00012384667781286768,0.0003327048907618942
seem	0,2,6.192333890643384e-05,0.0001663524453809471
seemed	1,1,0.00012384667781286768,0.00011090163025396473
selection	2,2,0.0001857700167193015,0.0001663524453809471
self	1,2,0.00012384667781286768,0.0001663524453809471
sell	0,5,6.192333890643384e-05,0.0003327048907618942
selling	1,7,0.00012384667781286768,0.0004436065210158589
sempra	1,0,0.00012384667781286768,5.5450815126982364e-05
send	3,13,0.00024769335562573535,0.0007763114117777532
sending	0,1,6.192333890643384e-05,0.00011090163025396473
sergeev	5,0,0.000371540033438603,5.5450815126982364e-05
serve	0,5,6.192333890643384e-05,0.0003327048907618942
server	0,5,6.192333890643384e-05,0.0003327048907618942
service	2,32,0.0001857700167193015,0.0018298768991904181
settanni	1,0,0.00012384667781286768,5.5450815126982364e-05
settingt	0,1,6.192333890643384e-05,0.00011090163025396473
setup	2,2,0.0001857700167193015,0.0001663524453809471
sex	0,1,6.192333890643384e-05,0.00011090163025396473
shakespeare	0,3,6.192333890643384e-05,0.00022180326050792945
share	3,4,0.00024769335562573535,0.00027725407563491185
sharply	0,1,6.192333890643384e-05,0.00011090163025396473
sheila	4,0,0.00030961669453216916,5.5450815126982364e-05
shirley	18,0,0.001176543439222243,5.5450815126982364e-05
shortly	0,1,6.192333890643384e-05,0.00011090163025396473
shoulder	0,1,6.192333890643384e-05,0.00011090163025396473
showcase	0,9,6.192333890643384e-05,0.0005545081512698237
shows	1,0,0.00012384667781286768,5.5450815126982364e-05
shults	1,0,0.00012384667781286768,5.5450815126982364e-05
siberia	0,1,6.192333890643384e-05,0.00011090163025396473
sick	0,1,6.192333890643384e-05,0.00011090163025396473
sight	0,1,6.192333890643384e-05,0.00011090163025396473
signature	0,1,6.192333890643384e-05,0.00011090163025396473
significance	1,0,0.00012384667781286768,5.5450815126982364e-05
significant	3,1,0.00024769335562573535,0.00011090163025396473
signups	0,1,6.192333890643384e-05,0.00011090163025396473
single	1,3,0.00012384667781286768,0.00022180326050792945
sit	0,1,6.192333890643384e-05,0.00011090163025396473
sites	0,26,6.192333890643384e-05,0.001497172008428524
skilling	1,0,0.00012384667781286768,5.5450815126982364e-05
skinner	3,0,0.00024769335562573535,5.5450815126982364e-05
sleep	0,2,6.192333890643384e-05,0.0001663524453809471
slipped	0,1,6.192333890643384e-05,0.00011090163025396473
slow	3,0,0.00024769335562573535,5.5450815126982364e-05
small	0,2,6.192333890643384e-05,0.0001663524453809471
smith	6,0,0.00043346337234503684,5.5450815126982364e-05
smithc	1,0,0.00012384667781286768,5.5450815126982364e-05
smoker	0,1,6.192333890643384e-05,0.00011090163025396473
snowboard	1,0,0.00012384667781286768,5.5450815126982364e-05
soap	0,2,6.192333890643384e-05,0.0001663524453809471
softwares	0,1,6.192333890643384e-05,0.00011090163025396473
sometime	2,0,0.0001857700167193015,5.5450815126982364e-05
son	0,9,6.192333890643384e-05,0.0005545081512698237
soon	5,3,0.000371540033438603,0.00022180326050792945
soundmax	0,1,6.192333890643384e-05,0.00011090163025396473
source	3,1,0.00024769335562573535,0.00011090163025396473
southern	1,0,0.00012384667781286768,5.5450815126982364e-05
southwest	1,0,0.00012384667781286768,5.5450815126982364e-05
specials	0,3,6.192333890643384e-05,0.00022180326050792945
specifically	0,2,6.192333890643384e-05,0.0001663524453809471
splitting	0,1,6.192333890643384e-05,0.00011090163025396473
spoke	1,0,0.00012384667781286768,5.5450815126982364e-05
sponsorship	0,3,6.192333890643384e-05,0.00022180326050792945
spotlight	0,1,6.192333890643384e-05,0.00011090163025396473
spp	1,0,0.00012384667781286768,5.5450815126982364e-05
spread	1,0,0.00012384667781286768,5.5450815126982364e-05
sql	0,1,6.192333890643384e-05,0.00011090163025396473
st	1,1,0.00012384667781286768,0.00011090163025396473
stability	0,3,6.192333890643384e-05,0.00022180326050792945
standard	1,2,0.00012384667781286768,0.0001663524453809471
start	1,8,0.00012384667781286768,0.0004990573361428413
started	0,3,6.192333890643384e-05,0.00022180326050792945
starting	0,1,6.192333890643384e-05,0.00011090163025396473
stated	2,0,0.0001857700167193015,5.5450815126982364e-05
statement	0,1,6.192333890643384e-05,0.00011090163025396473
states	1,2,0.00012384667781286768,0.0001663524453809471
stearns	2,0,0.0001857700167193015,5.5450815126982364e-05
stefkatz	1,0,0.00012384667781286768,5.5450815126982364e-05
stella	6,0,0.00043346337234503684,5.5450815126982364e-05
step	1,1,0.00012384667781286768,0.00011090163025396473
stil	0,1,6.192333890643384e-05,0.00011090163025396473
still	7,4,0.0004953867112514707,0.00027725407563491185
stilled	0,1,6.192333890643384e-05,0.00011090163025396473
stores	0,3,6.192333890643384e-05,0.00022180326050792945
stories	0,4,6.192333890643384e-05,0.00027725407563491185
stove	0,1,6.192333890643384e-05,0.00011090163025396473
straight	4,0,0.00030961669453216916,5.5450815126982364e-05
strain	0,1,6.192333890643384e-05,0.00011090163025396473
strangas	1,0,0.00012384667781286768,5.5450815126982364e-05
strange	0,2,6.192333890643384e-05,0.0001663524453809471
strategic	1,2,0.00012384667781286768,0.0001663524453809471
strategies	0,2,6.192333890643384e-05,0.0001663524453809471
street	1,0,0.00012384667781286768,5.5450815126982364e-05
strength	0,1,6.192333890643384e-05,0.00011090163025396473
stretch	1,1,0.00012384667781286768,0.00011090163025396473
strictly	1,0,0.00012384667781286768,5.5450815126982364e-05
strong	1,1,0.00012384667781286768,0.00011090163025396473
stuff	3,1,0.00024769335562573535,0.00011090163025396473
stukm	0,1,6.192333890643384e-05,0.00011090163025396473
style	0,1,6.192333890643384e-05,0.00011090163025396473
submissions	0,2,6.192333890643384e-05,0.0001663524453809471
submit	1,5,0.00012384667781286768,0.0003327048907618942
subscribed	0,2,6.192333890643384e-05,0.0001663524453809471
subscribers	0,1,6.192333890643384e-05,0.00011090163025396473
subscription	0,7,6.192333890643384e-05,0.0004436065210158589
substantial	0,2,6.192333890643384e-05,0.0001663524453809471
succeeded	1,0,0.00012384667781286768,5.5450815126982364e-05
successfully	0,1,6.192333890643384e-05,0.00011090163025396473
such	1,3,0.00012384667781286768,0.00022180326050792945
sue	2,0,0.0001857700167193015,5.5450815126982364e-05
sugar	2,1,0.0001857700167193015,0.00011090163025396473
sunrise	0,1,6.192333890643384e-05,0.00011090163025396473
superb	0,1,6.192333890643384e-05,0.00011090163025396473
supervisor	4,0,0.00030961669453216916,5.5450815126982364e-05
suppliers	6,0,0.00043346337234503684,5.5450815126982364e-05
supports	2,0,0.0001857700167193015,5.5450815126982364e-05
suppressant	0,1,6.192333890643384e-05,0.00011090163025396473
suprervisagra	0,1,6.192333890643384e-05,0.00011090163025396473
sure	4,7,0.00030961669453216916,0.0004436065210158589
sweet	0,3,6.192333890643384e-05,0.00022180326050792945
sylg	0,1,6.192333890643384e-05,0.00011090163025396473
systems	3,2,0.00024769335562573535,0.0001663524453809471
tablet	1,0,0.00012384667781286768,5.5450815126982364e-05
taken	2,0,0.0001857700167193015,5.5450815126982364e-05
talent	2,0,0.0001857700167193015,5.5450815126982364e-05
tall	0,1,6.192333890643384e-05,0.00011090163025396473
tang	5,0,0.000371540033438603,5.5450815126982364e-05
tantalum	0,1,6.192333890643384e-05,0.00011090163025396473
tarrif	2,0,0.0001857700167193015,5.5450815126982364e-05
taylorja	1,0,0.00012384667781286768,5.5450815126982364e-05
teacher	0,1,6.192333890643384e-05,0.00011090163025396473
team	16,0,0.001052696761409375,5.5450815126982364e-05
tears	0,1,6.192333890643384e-05,0.00011090163025396473
technical	0,2,6.192333890643384e-05,0.0001663524453809471
tele	0,1,6.192333890643384e-05,0.00011090163025396473
tendererlycopodium	0,1,6.192333890643384e-05,0.00011090163025396473
terminate	0,1,6.192333890643384e-05,0.00011090163025396473
terms	5,0,0.000371540033438603,5.5450815126982364e-05
testimonials	0,2,6.192333890643384e-05,0.0001663524453809471
texas	1,0,0.00012384667781286768,5.5450815126982364e-05
text	2,13,0.0001857700167193015,0.0007763114117777532
textures	0,1,6.192333890643384e-05,0.00011090163025396473
thank	4,2,0.00030961669453216916,0.0001663524453809471
thanking	1,2,0.00012384667781286768,0.0001663524453809471
the	453,535,0.02811319586352096,0.029721636908062548
their	12,24,0.0008050034057836399,0.0013862703781745592
these	22,18,0.0014242367948479782,0.001053565487412665
thickness	0,1,6.192333890643384e-05,0.00011090163025396473
thimble	0,1,6.192333890643384e-05,0.00011090163025396473
thought	1,1,0.00012384667781286768,0.00011090163025396473
throughout	0,2,6.192333890643384e-05,0.0001663524453809471
thunder	0,1,6.192333890643384e-05,0.00011090163025396473
timekeeping	2,0,0.0001857700167193015,5.5450815126982364e-05
timely	2,0,0.0001857700167193015,5.5450815126982364e-05
times	2,2,0.0001857700167193015,0.0001663524453809471
timesheets	1,0,0.00012384667781286768,5.5450815126982364e-05
timing	1,0,0.00012384667781286768,5.5450815126982364e-05
timshometownstories	0,2,6.192333890643384e-05,0.0001663524453809471
tinned	0,1,6.192333890643384e-05,0.00011090163025396473
title	1,3,0.00012384667781286768,0.00022180326050792945
toilet	0,1,6.192333890643384e-05,0.00011090163025396473
told	2,3,0.0001857700167193015,0.00022180326050792945
tone	1,0,0.00012384667781286768,5.5450815126982364e-05
top	2,4,0.0001857700167193015,0.00027725407563491185
toronto	0,1,6.192333890643384e-05,0.00011090163025396473
toward	0,1,6.192333890643384e-05,0.00011090163025396473
towel	0,1,6.192333890643384e-05,0.00011090163025396473
tower	0,2,6.192333890643384e-05,0.0001663524453809471
town	1,2,0.00012384667781286768,0.0001663524453809471
toy	0,1,6.192333890643384e-05,0.00011090163025396473
tracks	0,2,6.192333890643384e-05,0.0001663524453809471
trade	3,14,0.00024769335562573535,0.0008317622269047354
trader	4,0,0.00030961669453216916,5.5450815126982364e-05
traffic	0,7,6.192333890643384e-05,0.0004436065210158589
tramadol	0,2,6.192333890643384e-05,0.0001663524453809471
trans	1,0,0.00012384667781286768,5.5450815126982364e-05
transact	1,0,0.00012384667781286768,5.5450815126982364e-05
transcanada	2,0,0.0001857700167193015,5.5450815126982364e-05
transco	2,0,0.0001857700167193015,5.5450815126982364e-05
transmissions	1,0,0.00012384667781286768,5.5450815126982364e-05
transport	2,1,0.0001857700167193015,0.00011090163025396473
transporting	1,0,0.00012384667781286768,5.5450815126982364e-05
trash	0,1,6.192333890643384e-05,0.00011090163025396473
travel	1,2,0.00012384667781286768,0.0001663524453809471
traveling	0,1,6.192333890643384e-05,0.00011090163025396473
treasonous	0,1,6.192333890643384e-05,0.00011090163025396473
tree	1,1,0.00012384667781286768,0.00011090163025396473
trial	0,3,6.192333890643384e-05,0.00022180326050792945
trip	2,0,0.0001857700167193015,5.5450815126982364e-05
trisha	1,0,0.00012384667781286768,5.5450815126982364e-05
trista	2,0,0.0001857700167193015,5.5450815126982364e-05
truly	0,1,6.192333890643384e-05,0.00011090163025396473
trunk	0,2,6.192333890643384e-05,0.0001663524453809471
truth	0,2,6.192333890643384e-05,0.0001663524453809471
try	2,6,0.0001857700167193015,0.0003881557058888766
trying	1,2,0.00012384667781286768,0.0001663524453809471
tuneful	0,1,6.192333890643384e-05,0.00011090163025396473
tungsten	0,1,6.192333890643384e-05,0.00011090163025396473
turner	1,0,0.00012384667781286768,5.5450815126982364e-05
twice	0,2,6.192333890643384e-05,0.0001663524453809471
type	0,10,6.192333890643384e-05,0.0006099589663968061
u	0,3,6.192333890643384e-05,0.00022180326050792945
uafn	0,1,6.192333890643384e-05,0.00011090163025396473
ugh	0,1,6.192333890643384e-05,0.00011090163025396473
unblock	0,1,6.192333890643384e-05,0.00011090163025396473
unblocking	0,4,6.192333890643384e-05,0.00027725407563491185
uncollected	1,0,0.00012384667781286768,5.5450815126982364e-05
undercollected	1,0,0.00012384667781286768,5.5450815126982364e-05
understand	3,4,0.00024769335562573535,0.00027725407563491185
understanding	5,2,0.000371540033438603,0.0001663524453809471
undeveloped	0,1,6.192333890643384e-05,0.00011090163025396473
unify	1,0,0.00012384667781286768,5.5450815126982364e-05
unique	1,1,0.00012384667781286768,0.00011090163025396473
university	1,0,0.00012384667781286768,5.5450815126982364e-05
unless	3,1,0.00024769335562573535,0.00011090163025396473
unlike	0,1,6.192333890643384e-05,0.00011090163025396473
unnecessarily	0,1,6.192333890643384e-05,0.00011090163025396473
unocal	1,0,0.00012384667781286768,5.5450815126982364e-05
upload	0,1,6.192333890643384e-05,0.00011090163025396473
uploaded	0,1,6.192333890643384e-05,0.00011090163025396473
upon	2,5,0.0001857700167193015,0.0003327048907618942
ur	0,1,6.192333890643384e-05,0.00011090163025396473
urgency	0,1,6.192333890643384e-05,0.00011090163025396473
url	0,3,6.192333890643384e-05,0.00022180326050792945
usb	0,1,6.192333890643384e-05,0.00011090163025396473
use	4,37,0.00030961669453216916,0.00210713097482533
useful	1,3,0.00012384667781286768,0.00022180326050792945
user	5,2,0.000371540033438603,0.0001663524453809471
valid	0,4,6.192333890643384e-05,0.00027725407563491185
valium	0,1,6.192333890643384e-05,0.00011090163025396473
vance	1,0,0.00012384667781286768,5.5450815126982364e-05
vary	0,1,6.192333890643384e-05,0.00011090163025396473
vastar	8,0,0.0005573100501579045,5.5450815126982364e-05
ve	9,7,0.0006192333890643383,0.0004436065210158589
vendor	2,0,0.0001857700167193015,5.5450815126982364e-05
verbry	0,1,6.192333890643384e-05,0.00011090163025396473
version	6,2,0.00043346337234503684,0.0001663524453809471
verypowerful	0,1,6.192333890643384e-05,0.00011090163025396473
viag	0,1,6.192333890643384e-05,0.00011090163025396473
vice	6,0,0.00043346337234503684,5.5450815126982364e-05
vicqodin	0,1,6.192333890643384e-05,0.00011090163025396473
vincent	5,0,0.000371540033438603,5.5450815126982364e-05
vintage	2,0,0.0001857700167193015,5.5450815126982364e-05
virtues	0,1,6.192333890643384e-05,0.00011090163025396473
visual	0,1,6.192333890643384e-05,0.00011090163025396473
voice	3,1,0.00024769335562573535,0.00011090163025396473
voted	0,1,6.192333890643384e-05,0.00011090163025396473
voting	0,1,6.192333890643384e-05,0.00011090163025396473
wa	0,2,6.192333890643384e-05,0.0001663524453809471
wall	0,1,6.192333890643384e-05,0.00011090163025396473
walpole	0,1,6.192333890643384e-05,0.00011090163025396473
walsh	2,0,0.0001857700167193015,5.5450815126982364e-05
war	0,2,6.192333890643384e-05,0.0001663524453809471
wardsgiftshop	0,1,6.192333890643384e-05,0.00011090163025396473
warrants	2,0,0.0001857700167193015,5.5450815126982364e-05
warranty	0,1,6.192333890643384e-05,0.00011090163025396473
wash	0,1,6.192333890643384e-05,0.00011090163025396473
washing	0,4,6.192333890643384e-05,0.00027725407563491185
wealth	0,1,6.192333890643384e-05,0.00011090163025396473
web	1,14,0.00012384667781286768,0.0008317622269047354
websites	0,2,6.192333890643384e-05,0.0001663524453809471
weekly	0,1,6.192333890643384e-05,0.00011090163025396473
weeks	6,0,0.00043346337234503684,5.5450815126982364e-05
weight	0,2,6.192333890643384e-05,0.0001663524453809471
welch	1,0,0.00012384667781286768,5.5450815126982364e-05
were	6,19,0.00043346337234503684,0.0011090163025396474
whelan	1,0,0.00012384667781286768,5.5450815126982364e-05
whether	1,2,0.00012384667781286768,0.0001663524453809471
which	15,20,0.0009907734225029414,0.0011644671176666297
while	4,6,0.00030961669453216916,0.0003881557058888766
whole	0,2,6.192333890643384e-05,0.0001663524453809471
winners	0,1,6.192333890643384e-05,0.00011090163025396473
wisely	0,2,6.192333890643384e-05,0.0001663524453809471
with	72,76,0.00452040374016967,0.004269712764777642
withers	2,0,0.0001857700167193015,5.5450815126982364e-05
wives	0,1,6.192333890643384e-05,0.00011090163025396473
wood	1,0,0.00012384667781286768,5.5450815126982364e-05
word	2,5,0.0001857700167193015,0.0003327048907618942
wording	0,1,6.192333890643384e-05,0.00011090163025396473
workforce	1,0,0.00012384667781286768,5.5450815126982364e-05
workout	1,0,0.00012384667781286768,5.5450815126982364e-05
workstation	0,1,6.192333890643384e-05,0.00011090163025396473
world	0,6,6.192333890643384e-05,0.0003881557058888766
worry	1,1,0.00012384667781286768,0.00011090163025396473
worrying	0,1,6.192333890643384e-05,0.00011090163025396473
worth	1,0,0.00012384667781286768,5.5450815126982364e-05
worthwhile	0,1,6.192333890643384e-05,0.00011090163025396473
would	32,22,0.0020434701839123167,0.0012753687479205944
write	0,13,6.192333890643384e-05,0.0007763114117777532
wrote	1,2,0.00012384667781286768,0.0001663524453809471
ws	0,1,6.192333890643384e-05,0.00011090163025396473
wsc	0,1,6.192333890643384e-05,0.00011090163025396473
www	1,28,0.00012384667781286768,0.0016080736386824886
wynne	2,0,0.0001857700167193015,5.5450815126982364e-05
x	15,2,0.0009907734225029414,0.0001663524453809471
xan	0,1,6.192333890643384e-05,0.00011090163025396473
xent	0,2,6.192333890643384e-05,0.0001663524453809471
xes	0,1,6.192333890643384e-05,0.00011090163025396473
yanowski	1,0,0.00012384667781286768,5.5450815126982364e-05
yard	2,0,0.0001857700167193015,5.5450815126982364e-05
ycon	0,2,6.192333890643384e-05,0.0001663524453809471
yeah	2,0,0.0001857700167193015,5.5450815126982364e-05
yearno	0,1,6.192333890643384e-05,0.00011090163025396473
yesterdays	1,0,0.00012384667781286768,5.5450815126982364e-05
yoursuccess	0,2,6.192333890643384e-05,0.0001663524453809471
zaak	0,2,6.192333890643384e-05,0.0001663524453809471
zaako	0,1,6.192333890643384e-05,0.00011090163025396473
zac	0,1,6.192333890643384e-05,0.00011090163025396473
zxs	0,1,6.192333890643384e-05,0.00011090163025396473
ClassPriors	47.0,33.0,0.5875,0.4125
a	168,274,0.010465044275187319,0.01524897415992015
absent	1,0,0.00012384667781286768,5.5450815126982364e-05
absenteeism	0,1,6.192333890643384e-05,0.00011090163025396473
abused	0,1,6.192333890643384e-05,0.00011090163025396473
accelerate	0,1,6.192333890643384e-05,0.00011090163025396473
accepts	1,0,0.00012384667781286768,5.5450815126982364e-05
acrobaat	0,1,6.192333890643384e-05,0.00011090163025396473
actress	0,1,6.192333890643384e-05,0.00011090163025396473
actual	0,3,6.192333890643384e-05,0.00022180326050792945
addition	5,0,0.000371540033438603,5.5450815126982364e-05
address	1,18,0.00012384667781286768,0.001053565487412665
addressed	1,0,0.00012384667781286768,5.5450815126982364e-05
addresses	1,2,0.00012384667781286768,0.0001663524453809471
addressing	1,0,0.00012384667781286768,5.5450815126982364e-05
administration	2,0,0.0001857700167193015,5.5450815126982364e-05
admitted	1,0,0.00012384667781286768,5.5450815126982364e-05
admixture	0,1,6.192333890643384e-05,0.00011090163025396473
adult	0,2,6.192333890643384e-05,0.0001663524453809471
advantages	0,1,6.192333890643384e-05,0.00011090163025396473
advertise	0,2,6.192333890643384e-05,0.0001663524453809471
advertisments	0,1,6.192333890643384e-05,0.00011090163025396473
advises	1,0,0.00012384667781286768,5.5450815126982364e-05
advs	0,1,6.192333890643384e-05,0.00011090163025396473
afeee	0,1,6.192333890643384e-05,0.00011090163025396473
aff	0,1,6.192333890643384e-05,0.00011090163025396473
affiliates	0,3,6.192333890643384e-05,0.00022180326050792945
afirst	0,1,6.192333890643384e-05,0.00011090163025396473
age	0,4,6.192333890643384e-05,0.00027725407563491185
aggressive	0,1,6.192333890643384e-05,0.00011090163025396473
agouti	0,1,6.192333890643384e-05,0.00011090163025396473
agreed	2,0,0.0001857700167193015,5.5450815126982364e-05
agreement	12,2,0.0008050034057836399,0.0001663524453809471
ahead	0,1,6.192333890643384e-05,0.00011090163025396473
air	3,3,0.00024769335562573535,0.00022180326050792945
airport	2,0,0.0001857700167193015,5.5450815126982364e-05
aka	0,1,6.192333890643384e-05,0.00011090163025396473
akkabay	0,4,6.192333890643384e-05,0.00027725407563491185
al	0,1,6.192333890643384e-05,0.00011090163025396473
alexios	1,0,0.00012384667781286768,5.5450815126982364e-05
all	32,54,0.0020434701839123167,0.00304979483198403
alleviates	0,1,6.192333890643384e-05,0.00011090163025396473
alli	1,0,0.00012384667781286768,5.5450815126982364e-05
allocated	2,0,0.0001857700167193015,5.5450815126982364e-05
allocating	2,0,0.0001857700167193015,5.5450815126982364e-05
allocations	4,0,0.00030961669453216916,5.5450815126982364e-05
allows	2,1,0.0001857700167193015,0.00011090163025396473
along	0,2,6.192333890643384e-05,0.0001663524453809471
alternative	0,1,6.192333890643384e-05,0.00011090163025396473
altra	1,0,0.00012384667781286768,5.5450815126982364e-05
amadol	0,1,6.192333890643384e-05,0.00011090163025396473
amb	0,1,6.192333890643384e-05,0.00011090163025396473
amended	1,0,0.00012384667781286768,5.5450815126982364e-05
americ	0,2,6.192333890643384e-05,0.0001663524453809471
american	0,2,6.192333890643384e-05,0.0001663524453809471
amex	0,1,6.192333890643384e-05,0.00011090163025396473
amiable	0,1,6.192333890643384e-05,0.00011090163025396473
amitava	4,0,0.00030961669453216916,5.5450815126982364e-05
amounts	0,1,6.192333890643384e-05,0.00011090163025396473
anal	0,1,6.192333890643384e-05,0.00011090163025396473
analysis	3,0,0.00024769335562573535,5.5450815126982364e-05
and	258,277,0.016038144776766364,0.015415326605301097
andrea	3,0,0.00024769335562573535,5.5450815126982364e-05
angels	0,2,6.192333890643384e-05,0.0001663524453809471
anheuser	0,1,6.192333890643384e-05,0.00011090163025396473
annals	0,1,6.192333890643384e-05,0.00011090163025396473
announcement	1,4,0.00012384667781286768,0.00027725407563491185
annuallouy	0,1,6.192333890643384e-05,0.00011090163025396473
anonymise	0,1,6.192333890643384e-05,0.00011090163025396473
ante	0,1,6.192333890643384e-05,0.00011090163025396473
antivirus	0,1,6.192333890643384e-05,0.00011090163025396473
any	32,25,0.0020434701839123167,0.0014417211933015416
anyare	0,1,6.192333890643384e-05,0.00011090163025396473
aol	2,3,0.0001857700167193015,0.00022180326050792945
apoligize	2,0,0.0001857700167193015,5.5450815126982364e-05
apologize	2,1,0.0001857700167193015,0.00011090163025396473
appeals	0,3,6.192333890643384e-05,0.00022180326050792945
appears	2,0,0.0001857700167193015,5.5450815126982364e-05
apply	1,3,0.00012384667781286768,0.00022180326050792945
appreciate	1,0,0.00012384667781286768,5.5450815126982364e-05
appreciation	2,0,0.0001857700167193015,5.5450815126982364e-05
approved	1,4,0.00012384667781286768,0.00027725407563491185
approximately	4,0,0.00030961669453216916,5.5450815126982364e-05
aqoj	0,1,6.192333890643384e-05,0.00011090163025396473
area	1,1,0.00012384667781286768,0.00011090163025396473
around	3,1,0.00024769335562573535,0.00011090163025396473
arrange	2,2,0.0001857700167193015,0.0001663524453809471
ashburton	0,3,6.192333890643384e-05,0.00022180326050792945
ask	2,6,0.0001857700167193015,0.0003881557058888766
asked	1,1,0.00012384667781286768,0.00011090163025396473
asking	5,3,0.000371540033438603,0.00022180326050792945
aspermont	0,3,6.192333890643384e-05,0.00022180326050792945
assemblyman	3,0,0.00024769335562573535,5.5450815126982364e-05
assignment	1,0,0.00012384667781286768,5.5450815126982364e-05
assuming	1,0,0.00012384667781286768,5.5450815126982364e-05
atop	0,1,6.192333890643384e-05,0.00011090163025396473
attatched	2,0,0.0001857700167193015,5.5450815126982364e-05
attend	6,1,0.00043346337234503684,0.00011090163025396473
attended	0,1,6.192333890643384e-05,0.00011090163025396473
attending	1,0,0.00012384667781286768,5.5450815126982364e-05
attention	0,3,6.192333890643384e-05,0.00022180326050792945
attest	1,0,0.00012384667781286768,5.5450815126982364e-05
attn	0,2,6.192333890643384e-05,0.0001663524453809471
audit	2,0,0.0001857700167193015,5.5450815126982364e-05
authorities	0,1,6.192333890643384e-05,0.00011090163025396473
authorized	0,1,6.192333890643384e-05,0.00011090163025396473
automated	0,2,6.192333890643384e-05,0.0001663524453809471
aviation	1,0,0.00012384667781286768,5.5450815126982364e-05
ax	0,1,6.192333890643384e-05,0.00011090163025396473
backgrounds	0,1,6.192333890643384e-05,0.00011090163025396473
bad	2,2,0.0001857700167193015,0.0001663524453809471
bank	0,4,6.192333890643384e-05,0.00027725407563491185
banked	0,1,6.192333890643384e-05,0.00011090163025396473
banking	3,0,0.00024769335562573535,5.5450815126982364e-05
banners	0,1,6.192333890643384e-05,0.00011090163025396473
bannersgomlm	0,6,6.192333890643384e-05,0.0003881557058888766
bareback	0,1,6.192333890643384e-05,0.00011090163025396473
barnard	1,0,0.00012384667781286768,5.5450815126982364e-05
based	6,4,0.00043346337234503684,0.00027725407563491185
bauxite	0,1,6.192333890643384e-05,0.00011090163025396473
be	90,84,0.005635023840485479,0.004713319285793501
beale	1,0,0.00012384667781286768,5.5450815126982364e-05
become	0,4,6.192333890643384e-05,0.00027725407563491185
beers	1,0,0.00012384667781286768,5.5450815126982364e-05
beetcn	0,1,6.192333890643384e-05,0.00011090163025396473
begin	0,4,6.192333890643384e-05,0.00027725407563491185
behalf	1,0,0.00012384667781286768,5.5450815126982364e-05
being	8,2,0.0005573100501579045,0.0001663524453809471
believes	1,0,0.00012384667781286768,5.5450815126982364e-05
belonged	0,1,6.192333890643384e-05,0.00011090163025396473
benchmarks	2,0,0.0001857700167193015,5.5450815126982364e-05
benefit	2,7,0.0001857700167193015,0.0004436065210158589
ber	0,1,6.192333890643384e-05,0.00011090163025396473
best	6,12,0.00043346337234503684,0.0007208605966507708
better	1,6,0.00012384667781286768,0.0003881557058888766
billion	5,1,0.000371540033438603,0.00011090163025396473
birch	0,1,6.192333890643384e-05,0.00011090163025396473
bit	1,1,0.00012384667781286768,0.00011090163025396473
biz	0,2,6.192333890643384e-05,0.0001663524453809471
bjeffrie	1,0,0.00012384667781286768,5.5450815126982364e-05
block	2,2,0.0001857700167193015,0.0001663524453809471
blocked	0,2,6.192333890643384e-05,0.0001663524453809471
blocking	0,1,6.192333890643384e-05,0.00011090163025396473
blow	0,1,6.192333890643384e-05,0.00011090163025396473
bmar	1,0,0.00012384667781286768,5.5450815126982364e-05
bmlm	0,2,6.192333890643384e-05,0.0001663524453809471
board	0,3,6.192333890643384e-05,0.00022180326050792945
bob	5,0,0.000371540033438603,5.5450815126982364e-05
body	0,5,6.192333890643384e-05,0.0003327048907618942
bodyfrankfurter	0,1,6.192333890643384e-05,0.00011090163025396473
book	2,3,0.0001857700167193015,0.00022180326050792945
borrowers	0,1,6.192333890643384e-05,0.00011090163025396473
boss	0,1,6.192333890643384e-05,0.00011090163025396473
bottom	0,2,6.192333890643384e-05,0.0001663524453809471
bought	2,1,0.0001857700167193015,0.00011090163025396473
boundary	0,1,6.192333890643384e-05,0.00011090163025396473
brad	2,0,0.0001857700167193015,5.5450815126982364e-05
break	4,1,0.00030961669453216916,0.00011090163025396473
brex	0,1,6.192333890643384e-05,0.00011090163025396473
brick	0,1,6.192333890643384e-05,0.00011090163025396473
broad	2,0,0.0001857700167193015,5.5450815126982364e-05
brought	0,1,6.192333890643384e-05,0.00011090163025396473
browser	0,2,6.192333890643384e-05,0.0001663524453809471
btu	1,0,0.00012384667781286768,5.5450815126982364e-05
buck	1,0,0.00012384667781286768,5.5450815126982364e-05
buildings	0,1,6.192333890643384e-05,0.00011090163025396473
bullets	0,1,6.192333890643384e-05,0.00011090163025396473
burning	0,2,6.192333890643384e-05,0.0001663524453809471
busine	0,1,6.192333890643384e-05,0.00011090163025396473
busy	0,1,6.192333890643384e-05,0.00011090163025396473
but	21,35,0.0013623134559415443,0.0019962293445713653
byee	0,1,6.192333890643384e-05,0.00011090163025396473
bypass	0,1,6.192333890643384e-05,0.00011090163025396473
bypasses	0,1,6.192333890643384e-05,0.00011090163025396473
ca	4,0,0.00030961669453216916,5.5450815126982364e-05
cabinets	1,0,0.00012384667781286768,5.5450815126982364e-05
cage	1,0,0.00012384667781286768,5.5450815126982364e-05
cal	1,1,0.00012384667781286768,0.00011090163025396473
calculations	2,0,0.0001857700167193015,5.5450815126982364e-05
cali	0,1,6.192333890643384e-05,0.00011090163025396473
california	9,0,0.0006192333890643383,5.5450815126982364e-05
call	8,3,0.0005573100501579045,0.00022180326050792945
called	0,2,6.192333890643384e-05,0.0001663524453809471
calme	1,0,0.00012384667781286768,5.5450815126982364e-05
came	0,2,6.192333890643384e-05,0.0001663524453809471
campus	0,1,6.192333890643384e-05,0.00011090163025396473
candidate	1,0,0.00012384667781286768,5.5450815126982364e-05
cannot	1,2,0.00012384667781286768,0.0001663524453809471
capabilities	1,0,0.00012384667781286768,5.5450815126982364e-05
capitol	0,1,6.192333890643384e-05,0.00011090163025396473
car	0,5,6.192333890643384e-05,0.0003327048907618942
carefully	0,3,6.192333890643384e-05,0.00022180326050792945
cares	0,1,6.192333890643384e-05,0.00011090163025396473
carlo	0,1,6.192333890643384e-05,0.00011090163025396473
carmody	0,1,6.192333890643384e-05,0.00011090163025396473
carol	0,1,6.192333890643384e-05,0.00011090163025396473
carolyn	0,1,6.192333890643384e-05,0.00011090163025396473
carrera	1,0,0.00012384667781286768,5.5450815126982364e-05
carried	0,1,6.192333890643384e-05,0.00011090163025396473
carroll	6,0,0.00043346337234503684,5.5450815126982364e-05
case	6,1,0.00043346337234503684,0.00011090163025396473
cash	6,5,0.00043346337234503684,0.0003327048907618942
category	0,1,6.192333890643384e-05,0.00011090163025396473
caucasians	0,1,6.192333890643384e-05,0.00011090163025396473
cause	0,1,6.192333890643384e-05,0.00011090163025396473
cd	0,1,6.192333890643384e-05,0.00011090163025396473
ceased	0,1,6.192333890643384e-05,0.00011090163025396473
cele	0,1,6.192333890643384e-05,0.00011090163025396473
celias	1,0,0.00012384667781286768,5.5450815126982364e-05
cenochs	1,0,0.00012384667781286768,5.5450815126982364e-05
central	2,0,0.0001857700167193015,5.5450815126982364e-05
cents	2,4,0.0001857700167193015,0.00027725407563491185
century	1,0,0.00012384667781286768,5.5450815126982364e-05
certain	1,0,0.00012384667781286768,5.5450815126982364e-05
certificates	0,1,6.192333890643384e-05,0.00011090163025396473
cgi	0,3,6.192333890643384e-05,0.00022180326050792945
chaeap	0,1,6.192333890643384e-05,0.00011090163025396473
chairman	2,0,0.0001857700167193015,5.5450815126982364e-05
challenge	1,0,0.00012384667781286768,5.5450815126982364e-05
champion	0,1,6.192333890643384e-05,0.00011090163025396473
chance	3,3,0.00024769335562573535,0.00022180326050792945
chancesto	0,1,6.192333890643384e-05,0.00011090163025396473
charges	0,1,6.192333890643384e-05,0.00011090163025396473
checks	0,1,6.192333890643384e-05,0.00011090163025396473
cheers	0,1,6.192333890643384e-05,0.00011090163025396473
chief	3,0,0.00024769335562573535,5.5450815126982364e-05
children	0,2,6.192333890643384e-05,0.0001663524453809471
chile	0,2,6.192333890643384e-05,0.0001663524453809471
chinamen	0,1,6.192333890643384e-05,0.00011090163025396473
choice	0,1,6.192333890643384e-05,0.00011090163025396473
chokshi	1,0,0.00012384667781286768,5.5450815126982364e-05
chosen	1,2,0.00012384667781286768,0.0001663524453809471
chromium	0,1,6.192333890643384e-05,0.00011090163025396473
chuck	1,0,0.00012384667781286768,5.5450815126982364e-05
chumming	0,1,6.192333890643384e-05,0.00011090163025396473
chums	0,1,6.192333890643384e-05,0.00011090163025396473
cindy	5,0,0.000371540033438603,5.5450815126982364e-05
cj	0,5,6.192333890643384e-05,0.0003327048907618942
clarity	1,0,0.00012384667781286768,5.5450815126982364e-05
classifieds	0,1,6.192333890643384e-05,0.00011090163025396473
classrom	1,0,0.00012384667781286768,5.5450815126982364e-05
claude	0,1,6.192333890643384e-05,0.00011090163025396473
clemmons	1,0,0.00012384667781286768,5.5450815126982364e-05
clients	1,0,0.00012384667781286768,5.5450815126982364e-05
cliickk	0,2,6.192333890643384e-05,0.0001663524453809471
clinches	0,1,6.192333890643384e-05,0.00011090163025396473
clonazepam	0,1,6.192333890643384e-05,0.00011090163025396473
closed	1,0,0.00012384667781286768,5.5450815126982364e-05
closely	4,0,0.00030961669453216916,5.5450815126982364e-05
coal	0,2,6.192333890643384e-05,0.0001663524453809471
coding	2,0,0.0001857700167193015,5.5450815126982364e-05
coffee	3,2,0.00024769335562573535,0.0001663524453809471
cold	0,2,6.192333890643384e-05,0.0001663524453809471
colors	0,1,6.192333890643384e-05,0.00011090163025396473
com	74,108,0.004644250417982537,0.006044138848841078
comes	3,2,0.00024769335562573535,0.0001663524453809471
coming	3,1,0.00024769335562573535,0.00011090163025396473
commentary	0,8,6.192333890643384e-05,0.0004990573361428413
commissions	0,2,6.192333890643384e-05,0.0001663524453809471
common	1,1,0.00012384667781286768,0.00011090163025396473
communicating	2,0,0.0001857700167193015,5.5450815126982364e-05
community	1,10,0.00012384667781286768,0.0006099589663968061
compelling	0,1,6.192333890643384e-05,0.00011090163025396473
competencies	2,0,0.0001857700167193015,5.5450815126982364e-05
competition	0,2,6.192333890643384e-05,0.0001663524453809471
compliance	1,0,0.00012384667781286768,5.5450815126982364e-05
compliments	0,1,6.192333890643384e-05,0.00011090163025396473
computational	0,1,6.192333890643384e-05,0.00011090163025396473
comwww	0,11,6.192333890643384e-05,0.0006654097815237884
concept	1,0,0.00012384667781286768,5.5450815126982364e-05
concernig	2,0,0.0001857700167193015,5.5450815126982364e-05
concerns	3,0,0.00024769335562573535,5.5450815126982364e-05
condition	0,2,6.192333890643384e-05,0.0001663524453809471
conference	3,3,0.00024769335562573535,0.00022180326050792945
confidential	0,3,6.192333890643384e-05,0.00022180326050792945
conflict	1,0,0.00012384667781286768,5.5450815126982364e-05
congrats	1,0,0.00012384667781286768,5.5450815126982364e-05
congratulatory	0,1,6.192333890643384e-05,0.00011090163025396473
conn	1,0,0.00012384667781286768,5.5450815126982364e-05
connection	0,3,6.192333890643384e-05,0.00022180326050792945
consistently	2,0,0.0001857700167193015,5.5450815126982364e-05
constructive	1,0,0.00012384667781286768,5.5450815126982364e-05
consultation	0,1,6.192333890643384e-05,0.00011090163025396473
consumers	1,0,0.00012384667781286768,5.5450815126982364e-05
contact	15,9,0.0009907734225029414,0.0005545081512698237
containing	0,2,6.192333890643384e-05,0.0001663524453809471
contemplation	1,0,0.00012384667781286768,5.5450815126982364e-05
content	1,12,0.00012384667781286768,0.0007208605966507708
continents	1,0,0.00012384667781286768,5.5450815126982364e-05
contract	6,3,0.00043346337234503684,0.00022180326050792945
contracted	2,0,0.0001857700167193015,5.5450815126982364e-05
contratulations	1,0,0.00012384667781286768,5.5450815126982364e-05
contribution	0,1,6.192333890643384e-05,0.00011090163025396473
control	4,3,0.00030961669453216916,0.00022180326050792945
controlled	0,2,6.192333890643384e-05,0.0001663524453809471
convenience	1,0,0.00012384667781286768,5.5450815126982364e-05
convince	0,1,6.192333890643384e-05,0.00011090163025396473
cop	1,0,0.00012384667781286768,5.5450815126982364e-05
copper	0,7,6.192333890643384e-05,0.0004436065210158589
copyright	0,3,6.192333890643384e-05,0.00022180326050792945
coral	3,1,0.00024769335562573535,0.00011090163025396473
cordes	1,0,0.00012384667781286768,5.5450815126982364e-05
corp	28,2,0.0017957768282865813,0.0001663524453809471
correspondence	1,0,0.00012384667781286768,5.5450815126982364e-05
costs	1,1,0.00012384667781286768,0.00011090163025396473
could	2,10,0.0001857700167193015,0.0006099589663968061
counted	0,1,6.192333890643384e-05,0.00011090163025396473
countries	0,1,6.192333890643384e-05,0.00011090163025396473
courses	1,0,0.00012384667781286768,5.5450815126982364e-05
coverage	1,2,0.00012384667781286768,0.0001663524453809471
cp	1,0,0.00012384667781286768,5.5450815126982364e-05
cpuc	2,0,0.0001857700167193015,5.5450815126982364e-05
crazy	0,1,6.192333890643384e-05,0.00011090163025396473
create	4,8,0.00030961669453216916,0.0004990573361428413
creation	2,0,0.0001857700167193015,5.5450815126982364e-05
crenshaw	13,0,0.0008669267446900737,5.5450815126982364e-05
critically	2,0,0.0001857700167193015,5.5450815126982364e-05
crowdbut	0,1,6.192333890643384e-05,0.00011090163025396473
cs	1,1,0.00012384667781286768,0.00011090163025396473
csikos	1,0,0.00012384667781286768,5.5450815126982364e-05
currently	11,4,0.000743080066877206,0.00027725407563491185
curriculum	5,0,0.000371540033438603,5.5450815126982364e-05
custom	0,1,6.192333890643384e-05,0.00011090163025396473
customers	0,2,6.192333890643384e-05,0.0001663524453809471
czkkrxht	0,1,6.192333890643384e-05,0.00011090163025396473
d	18,11,0.001176543439222243,0.0006654097815237884
dale	0,1,6.192333890643384e-05,0.00011090163025396473
damage	0,1,6.192333890643384e-05,0.00011090163025396473
dancing	0,1,6.192333890643384e-05,0.00011090163025396473
daniels	0,1,6.192333890643384e-05,0.00011090163025396473
danny	1,0,0.00012384667781286768,5.5450815126982364e-05
datacenter	0,1,6.192333890643384e-05,0.00011090163025396473
dates	2,1,0.0001857700167193015,0.00011090163025396473
davenport	1,0,0.00012384667781286768,5.5450815126982364e-05
david	19,0,0.0012384667781286766,5.5450815126982364e-05
davis	9,0,0.0006192333890643383,5.5450815126982364e-05
days	2,5,0.0001857700167193015,0.0003327048907618942
daysor	0,1,6.192333890643384e-05,0.00011090163025396473
dc	1,0,0.00012384667781286768,5.5450815126982364e-05
dci	1,0,0.00012384667781286768,5.5450815126982364e-05
dclemons	0,1,6.192333890643384e-05,0.00011090163025396473
dea	0,1,6.192333890643384e-05,0.00011090163025396473
deadlines	0,1,6.192333890643384e-05,0.00011090163025396473
deal	11,3,0.000743080066877206,0.00022180326050792945
dear	1,0,0.00012384667781286768,5.5450815126982364e-05
debt	5,5,0.000371540033438603,0.0003327048907618942
december	2,16,0.0001857700167193015,0.0009426638571587002
decided	0,2,6.192333890643384e-05,0.0001663524453809471
decides	0,1,6.192333890643384e-05,0.00011090163025396473
decreases	1,0,0.00012384667781286768,5.5450815126982364e-05
deliv	2,0,0.0001857700167193015,5.5450815126982364e-05
delivery	6,2,0.00043346337234503684,0.0001663524453809471
delusive	0,1,6.192333890643384e-05,0.00011090163025396473
democratic	1,0,0.00012384667781286768,5.5450815126982364e-05
deposit	0,1,6.192333890643384e-05,0.00011090163025396473
deposited	0,2,6.192333890643384e-05,0.0001663524453809471
depression	0,1,6.192333890643384e-05,0.00011090163025396473
design	1,8,0.00012384667781286768,0.0004990573361428413
designed	1,2,0.00012384667781286768,0.0001663524453809471
designl	0,1,6.192333890643384e-05,0.00011090163025396473
desks	2,0,0.0001857700167193015,5.5450815126982364e-05
desmeules	1,0,0.00012384667781286768,5.5450815126982364e-05
destination	0,2,6.192333890643384e-05,0.0001663524453809471
destroy	1,0,0.00012384667781286768,5.5450815126982364e-05
details	0,3,6.192333890643384e-05,0.00022180326050792945
developed	1,0,0.00012384667781286768,5.5450815126982364e-05
developing	2,0,0.0001857700167193015,5.5450815126982364e-05
dextails	0,1,6.192333890643384e-05,0.00011090163025396473
dfur	0,1,6.192333890643384e-05,0.00011090163025396473
dhar	4,0,0.00030961669453216916,5.5450815126982364e-05
dhyngem	0,1,6.192333890643384e-05,0.00011090163025396473
diamonds	0,1,6.192333890643384e-05,0.00011090163025396473
diaz	0,1,6.192333890643384e-05,0.00011090163025396473
dictionary	0,1,6.192333890643384e-05,0.00011090163025396473
didn	1,3,0.00012384667781286768,0.00022180326050792945
didrex	0,1,6.192333890643384e-05,0.00011090163025396473
difficulty	1,0,0.00012384667781286768,5.5450815126982364e-05
dignity	0,1,6.192333890643384e-05,0.00011090163025396473
diminished	0,1,6.192333890643384e-05,0.00011090163025396473
dinner	2,0,0.0001857700167193015,5.5450815126982364e-05
direction	3,0,0.00024769335562573535,5.5450815126982364e-05
disable	0,1,6.192333890643384e-05,0.00011090163025396473
disappearance	0,1,6.192333890643384e-05,0.00011090163025396473
discarded	0,1,6.192333890643384e-05,0.00011090163025396473
discontinue	0,2,6.192333890643384e-05,0.0001663524453809471
discuss	4,0,0.00030961669453216916,5.5450815126982364e-05
discussed	2,0,0.0001857700167193015,5.5450815126982364e-05
dish	0,3,6.192333890643384e-05,0.00022180326050792945
dishes	0,1,6.192333890643384e-05,0.00011090163025396473
disordersshrink	0,1,6.192333890643384e-05,0.00011090163025396473
dissemination	1,0,0.00012384667781286768,5.5450815126982364e-05
distracted	0,1,6.192333890643384e-05,0.00011090163025396473
distribution	3,0,0.00024769335562573535,5.5450815126982364e-05
dkohler	1,0,0.00012384667781286768,5.5450815126982364e-05
do	9,24,0.0006192333890643383,0.0013862703781745592
dobmeos	0,1,6.192333890643384e-05,0.00011090163025396473
doc	1,0,0.00012384667781286768,5.5450815126982364e-05
doctors	0,2,6.192333890643384e-05,0.0001663524453809471
does	3,7,0.00024769335562573535,0.0004436065210158589
doing	0,5,6.192333890643384e-05,0.0003327048907618942
dol	0,1,6.192333890643384e-05,0.00011090163025396473
domestic	0,1,6.192333890643384e-05,0.00011090163025396473
door	2,3,0.0001857700167193015,0.00022180326050792945
download	0,1,6.192333890643384e-05,0.00011090163025396473
draft	0,1,6.192333890643384e-05,0.00011090163025396473
drafting	1,0,0.00012384667781286768,5.5450815126982364e-05
draw	0,3,6.192333890643384e-05,0.00022180326050792945
drawing	2,1,0.0001857700167193015,0.00011090163025396473
drive	0,2,6.192333890643384e-05,0.0001663524453809471
dubuque	0,3,6.192333890643384e-05,0.00022180326050792945
duns	2,0,0.0001857700167193015,5.5450815126982364e-05
duplicate	0,1,6.192333890643384e-05,0.00011090163025396473
during	7,1,0.0004953867112514707,0.00011090163025396473
dycmpf	0,1,6.192333890643384e-05,0.00011090163025396473
dynamics	1,1,0.00012384667781286768,0.00011090163025396473
early	6,2,0.00043346337234503684,0.0001663524453809471
earth	1,0,0.00012384667781286768,5.5450815126982364e-05
eastern	1,0,0.00012384667781286768,5.5450815126982364e-05
eb	16,0,0.001052696761409375,5.5450815126982364e-05
ebl	1,0,0.00012384667781286768,5.5450815126982364e-05
ebooks	0,1,6.192333890643384e-05,0.00011090163025396473
ecarmst	0,1,6.192333890643384e-05,0.00011090163025396473
eclassifiedshq	0,1,6.192333890643384e-05,0.00011090163025396473
ecomog	0,2,6.192333890643384e-05,0.0001663524453809471
economically	0,1,6.192333890643384e-05,0.00011090163025396473
ect	378,0,0.023468945445538424,5.5450815126982364e-05
edition	0,5,6.192333890643384e-05,0.0003327048907618942
ee	1,1,0.00012384667781286768,0.00011090163025396473
effectively	2,2,0.0001857700167193015,0.0001663524453809471
effects	0,1,6.192333890643384e-05,0.00011090163025396473
efficiency	2,0,0.0001857700167193015,5.5450815126982364e-05
effort	6,0,0.00043346337234503684,5.5450815126982364e-05
eh	1,0,0.00012384667781286768,5.5450815126982364e-05
ehronline	1,0,0.00012384667781286768,5.5450815126982364e-05
eight	0,1,6.192333890643384e-05,0.00011090163025396473
eliminate	0,3,6.192333890643384e-05,0.00022180326050792945
ellendale	0,2,6.192333890643384e-05,0.0001663524453809471
emai	0,1,6.192333890643384e-05,0.00011090163025396473
email	5,30,0.000371540033438603,0.0017189752689364534
emailing	0,1,6.192333890643384e-05,0.00011090163025396473
embargo	1,0,0.00012384667781286768,5.5450815126982364e-05
emigrants	0,1,6.192333890643384e-05,0.00011090163025396473
emotion	0,1,6.192333890643384e-05,0.00011090163025396473
employees	7,0,0.0004953867112514707,5.5450815126982364e-05
employer	0,1,6.192333890643384e-05,0.00011090163025396473
en	0,2,6.192333890643384e-05,0.0001663524453809471
encyclopedia	0,1,6.192333890643384e-05,0.00011090163025396473
endorsements	0,1,6.192333890643384e-05,0.00011090163025396473
engineergeodetic	0,1,6.192333890643384e-05,0.00011090163025396473
enough	0,4,6.192333890643384e-05,0.00027725407563491185
ensure	0,2,6.192333890643384e-05,0.0001663524453809471
entergy	6,0,0.00043346337234503684,5.5450815126982364e-05
entergyr	1,0,0.00012384667781286768,5.5450815126982364e-05
entertaining	1,0,0.00012384667781286768,5.5450815126982364e-05
entry	1,0,0.00012384667781286768,5.5450815126982364e-05
eops	1,0,0.00012384667781286768,5.5450815126982364e-05
epcm	0,2,6.192333890643384e-05,0.0001663524453809471
epmi	2,0,0.0001857700167193015,5.5450815126982364e-05
epsc	1,0,0.00012384667781286768,5.5450815126982364e-05
equity	3,0,0.00024769335562573535,5.5450815126982364e-05
ere	0,1,6.192333890643384e-05,0.00011090163025396473
esa	1,0,0.00012384667781286768,5.5450815126982364e-05
escape	0,2,6.192333890643384e-05,0.0001663524453809471
etc	4,5,0.00030961669453216916,0.0003327048907618942
evaluating	0,1,6.192333890643384e-05,0.00011090163025396473
evelon	0,1,6.192333890643384e-05,0.00011090163025396473
even	1,9,0.00012384667781286768,0.0005545081512698237
evening	0,2,6.192333890643384e-05,0.0001663524453809471
events	0,2,6.192333890643384e-05,0.0001663524453809471
everyone	10,6,0.0006811567279707721,0.0003881557058888766
everything	4,3,0.00030961669453216916,0.00022180326050792945
evolution	1,0,0.00012384667781286768,5.5450815126982364e-05
examing	0,1,6.192333890643384e-05,0.00011090163025396473
example	2,4,0.0001857700167193015,0.00027725407563491185
excellent	0,2,6.192333890643384e-05,0.0001663524453809471
except	1,0,0.00012384667781286768,5.5450815126982364e-05
exchange	1,12,0.00012384667781286768,0.0007208605966507708
excited	2,1,0.0001857700167193015,0.00011090163025396473
exciting	1,0,0.00012384667781286768,5.5450815126982364e-05
executives	1,0,0.00012384667781286768,5.5450815126982364e-05
expanded	1,0,0.00012384667781286768,5.5450815126982364e-05
expanding	0,1,6.192333890643384e-05,0.00011090163025396473
expect	3,6,0.00024769335562573535,0.0003881557058888766
expected	2,0,0.0001857700167193015,5.5450815126982364e-05
expecting	1,0,0.00012384667781286768,5.5450815126982364e-05
expenditures	1,0,0.00012384667781286768,5.5450815126982364e-05
expertise	7,0,0.0004953867112514707,5.5450815126982364e-05
explaing	2,0,0.0001857700167193015,5.5450815126982364e-05
express	1,2,0.00012384667781286768,0.0001663524453809471
expressed	1,0,0.00012384667781286768,5.5450815126982364e-05
ext	2,0,0.0001857700167193015,5.5450815126982364e-05
extent	1,0,0.00012384667781286768,5.5450815126982364e-05
externally	0,2,6.192333890643384e-05,0.0001663524453809471
faces	0,1,6.192333890643384e-05,0.00011090163025396473
facilitators	1,0,0.00012384667781286768,5.5450815126982364e-05
facility	1,0,0.00012384667781286768,5.5450815126982364e-05
fair	1,1,0.00012384667781286768,0.00011090163025396473
fall	0,2,6.192333890643384e-05,0.0001663524453809471
fame	0,3,6.192333890643384e-05,0.00022180326050792945
far	2,3,0.0001857700167193015,0.00022180326050792945
farmer	5,0,0.000371540033438603,5.5450815126982364e-05
fast	0,3,6.192333890643384e-05,0.00022180326050792945
fax	3,5,0.00024769335562573535,0.0003327048907618942
feb	3,0,0.00024769335562573535,5.5450815126982364e-05
fee	2,2,0.0001857700167193015,0.0001663524453809471
feel	9,7,0.0006192333890643383,0.0004436065210158589
feeling	2,1,0.0001857700167193015,0.00011090163025396473
fellow	0,1,6.192333890643384e-05,0.00011090163025396473
felt	2,0,0.0001857700167193015,5.5450815126982364e-05
few	8,2,0.0005573100501579045,0.0001663524453809471
fields	1,0,0.00012384667781286768,5.5450815126982364e-05
fifth	0,1,6.192333890643384e-05,0.00011090163025396473
figured	1,0,0.00012384667781286768,5.5450815126982364e-05
filter	0,1,6.192333890643384e-05,0.00011090163025396473
finalization	2,0,0.0001857700167193015,5.5450815126982364e-05
finalize	1,0,0.00012384667781286768,5.5450815126982364e-05
finally	3,0,0.00024769335562573535,5.5450815126982364e-05
finance	4,0,0.00030961669453216916,5.5450815126982364e-05
financials	1,0,0.00012384667781286768,5.5450815126982364e-05
fine	2,0,0.0001857700167193015,5.5450815126982364e-05
fioricet	0,1,6.192333890643384e-05,0.00011090163025396473
fireworks	0,1,6.192333890643384e-05,0.00011090163025396473
firm	2,2,0.0001857700167193015,0.0001663524453809471
flash	0,2,6.192333890643384e-05,0.0001663524453809471
flip	1,0,0.00012384667781286768,5.5450815126982364e-05
flood	0,2,6.192333890643384e-05,0.0001663524453809471
fluid	0,1,6.192333890643384e-05,0.00011090163025396473
flyers	0,1,6.192333890643384e-05,0.00011090163025396473
focus	1,3,0.00012384667781286768,0.00022180326050792945
focusing	2,1,0.0001857700167193015,0.00011090163025396473
font	0,3,6.192333890643384e-05,0.00022180326050792945
footmen	0,1,6.192333890643384e-05,0.00011090163025396473
forbearance	4,0,0.00030961669453216916,5.5450815126982364e-05
ford	1,0,0.00012384667781286768,5.5450815126982364e-05
forecasts	0,2,6.192333890643384e-05,0.0001663524453809471
form	0,7,6.192333890643384e-05,0.0004436065210158589
format	0,3,6.192333890643384e-05,0.00022180326050792945
formulated	0,1,6.192333890643384e-05,0.00011090163025396473
forp	0,1,6.192333890643384e-05,0.00011090163025396473
forum	1,0,0.00012384667781286768,5.5450815126982364e-05
forward	12,1,0.0008050034057836399,0.00011090163025396473
forwarded	27,0,0.0017338534893801473,5.5450815126982364e-05
forwarding	1,0,0.00012384667781286768,5.5450815126982364e-05
fp	0,1,6.192333890643384e-05,0.00011090163025396473
frame	0,1,6.192333890643384e-05,0.00011090163025396473
francisco	1,0,0.00012384667781286768,5.5450815126982364e-05
free	5,65,0.000371540033438603,0.0036597537983808362
freehand	0,1,6.192333890643384e-05,0.00011090163025396473
freelinksnetwork	0,3,6.192333890643384e-05,0.00022180326050792945
freeonline	0,1,6.192333890643384e-05,0.00011090163025396473
freese	1,0,0.00012384667781286768,5.5450815126982364e-05
frevert	1,0,0.00012384667781286768,5.5450815126982364e-05
frightrob	0,1,6.192333890643384e-05,0.00011090163025396473
from	51,58,0.0032200136231345594,0.0032715980924919595
front	3,0,0.00024769335562573535,5.5450815126982364e-05
frusco	2,0,0.0001857700167193015,5.5450815126982364e-05
fully	0,3,6.192333890643384e-05,0.00022180326050792945
functionality	4,0,0.00030961669453216916,5.5450815126982364e-05
functions	4,0,0.00030961669453216916,5.5450815126982364e-05
fuohqjlsjcqp	0,1,6.192333890643384e-05,0.00011090163025396473
future	4,7,0.00030961669453216916,0.0004436065210158589
fyi	6,0,0.00043346337234503684,5.5450815126982364e-05
fyl	2,0,0.0001857700167193015,5.5450815126982364e-05
g	23,6,0.001486160133754412,0.0003881557058888766
gaining	1,0,0.00012384667781286768,5.5450815126982364e-05
generalities	0,1,6.192333890643384e-05,0.00011090163025396473
generalizing	0,1,6.192333890643384e-05,0.00011090163025396473
generating	2,0,0.0001857700167193015,5.5450815126982364e-05
generic	0,2,6.192333890643384e-05,0.0001663524453809471
gerry	2,0,0.0001857700167193015,5.5450815126982364e-05
ges	0,1,6.192333890643384e-05,0.00011090163025396473
getterscan	0,1,6.192333890643384e-05,0.00011090163025396473
getting	0,6,6.192333890643384e-05,0.0003881557058888766
ghana	0,2,6.192333890643384e-05,0.0001663524453809471
gibner	8,0,0.0005573100501579045,5.5450815126982364e-05
gifts	2,0,0.0001857700167193015,5.5450815126982364e-05
gigabyte	0,1,6.192333890643384e-05,0.00011090163025396473
gilbert	1,0,0.00012384667781286768,5.5450815126982364e-05
ginsu	0,1,6.192333890643384e-05,0.00011090163025396473
girl	0,4,6.192333890643384e-05,0.00027725407563491185
gist	2,0,0.0001857700167193015,5.5450815126982364e-05
give	5,10,0.000371540033438603,0.0006099589663968061
glencore	2,0,0.0001857700167193015,5.5450815126982364e-05
glenda	0,1,6.192333890643384e-05,0.00011090163025396473
global	34,1,0.002167316861725184,0.00011090163025396473
glover	1,0,0.00012384667781286768,5.5450815126982364e-05
go	4,6,0.00030961669453216916,0.0003881557058888766
goes	0,1,6.192333890643384e-05,0.00011090163025396473
going	12,11,0.0008050034057836399,0.0006654097815237884
gonzalez	1,0,0.00012384667781286768,5.5450815126982364e-05
goodbye	0,1,6.192333890643384e-05,0.00011090163025396473
government	3,2,0.00024769335562573535,0.0001663524453809471
gpt	0,1,6.192333890643384e-05,0.00011090163025396473
gracie	2,0,0.0001857700167193015,5.5450815126982364e-05
grandma	0,1,6.192333890643384e-05,0.00011090163025396473
greatly	1,0,0.00012384667781286768,5.5450815126982364e-05
greedily	0,1,6.192333890643384e-05,0.00011090163025396473
greeted	1,0,0.00012384667781286768,5.5450815126982364e-05
greg	3,0,0.00024769335562573535,5.5450815126982364e-05
ground	0,1,6.192333890643384e-05,0.00011090163025396473
growth	0,2,6.192333890643384e-05,0.0001663524453809471
guns	0,1,6.192333890643384e-05,0.00011090163025396473
guru	0,1,6.192333890643384e-05,0.00011090163025396473
gwen	1,0,0.00012384667781286768,5.5450815126982364e-05
gxol	0,1,6.192333890643384e-05,0.00011090163025396473
gxxu	0,1,6.192333890643384e-05,0.00011090163025396473
had	10,9,0.0006811567279707721,0.0005545081512698237
hands	0,2,6.192333890643384e-05,0.0001663524453809471
happens	1,0,0.00012384667781286768,5.5450815126982364e-05
hard	4,6,0.00030961669453216916,0.0003881557058888766
harriman	0,1,6.192333890643384e-05,0.00011090163025396473
harris	2,0,0.0001857700167193015,5.5450815126982364e-05
harry	1,0,0.00012384667781286768,5.5450815126982364e-05
harvey	2,0,0.0001857700167193015,5.5450815126982364e-05
has	25,24,0.0016100068115672797,0.0013862703781745592
hassle	0,2,6.192333890643384e-05,0.0001663524453809471
hate	0,4,6.192333890643384e-05,0.00027725407563491185
having	4,1,0.00030961669453216916,0.00011090163025396473
he	7,30,0.0004953867112514707,0.0017189752689364534
headline	0,2,6.192333890643384e-05,0.0001663524453809471
heart	0,1,6.192333890643384e-05,0.00011090163025396473
heating	2,0,0.0001857700167193015,5.5450815126982364e-05
hello	3,3,0.00024769335562573535,0.00022180326050792945
hemisphere	2,0,0.0001857700167193015,5.5450815126982364e-05
hendricks	0,2,6.192333890643384e-05,0.0001663524453809471
her	7,2,0.0004953867112514707,0.0001663524453809471
herbalonline	0,1,6.192333890643384e-05,0.00011090163025396473
herbs	1,0,0.00012384667781286768,5.5450815126982364e-05
herem	0,1,6.192333890643384e-05,0.00011090163025396473
herewe	0,1,6.192333890643384e-05,0.00011090163025396473
hidd	0,1,6.192333890643384e-05,0.00011090163025396473
higher	2,2,0.0001857700167193015,0.0001663524453809471
highlands	0,2,6.192333890643384e-05,0.0001663524453809471
highlight	2,1,0.0001857700167193015,0.00011090163025396473
hikes	4,0,0.00030961669453216916,5.5450815126982364e-05
himhe	0,1,6.192333890643384e-05,0.00011090163025396473
hindering	0,1,6.192333890643384e-05,0.00011090163025396473
hinsch	2,0,0.0001857700167193015,5.5450815126982364e-05
hire	2,0,0.0001857700167193015,5.5450815126982364e-05
hit	0,1,6.192333890643384e-05,0.00011090163025396473
hoferc	1,0,0.00012384667781286768,5.5450815126982364e-05
hook	1,1,0.00012384667781286768,0.00011090163025396473
horizons	0,1,6.192333890643384e-05,0.00011090163025396473
hormone	0,2,6.192333890643384e-05,0.0001663524453809471
horn	0,1,6.192333890643384e-05,0.00011090163025396473
hornbuckle	1,0,0.00012384667781286768,5.5450815126982364e-05
hot	0,2,6.192333890643384e-05,0.0001663524453809471
hourhelp	0,1,6.192333890643384e-05,0.00011090163025396473
houston	10,0,0.0006811567279707721,5.5450815126982364e-05
how	7,24,0.0004953867112514707,0.0013862703781745592
howl	0,1,6.192333890643384e-05,0.00011090163025396473
hrgovcic	5,0,0.000371540033438603,5.5450815126982364e-05
hrice	2,0,0.0001857700167193015,5.5450815126982364e-05
ht	0,4,6.192333890643384e-05,0.00027725407563491185
http	3,42,0.00024769335562573535,0.0023843850504602416
humble	0,1,6.192333890643384e-05,0.00011090163025396473
hunger	0,1,6.192333890643384e-05,0.00011090163025396473
hurtling	0,1,6.192333890643384e-05,0.00011090163025396473
hydro	2,0,0.0001857700167193015,5.5450815126982364e-05
hzriubp	0,1,6.192333890643384e-05,0.00011090163025396473
ica	0,1,6.192333890643384e-05,0.00011090163025396473
icet	0,1,6.192333890643384e-05,0.00011090163025396473
id	10,3,0.0006811567279707721,0.00022180326050792945
idea	1,3,0.00012384667781286768,0.00022180326050792945
identified	0,1,6.192333890643384e-05,0.00011090163025396473
identifies	0,1,6.192333890643384e-05,0.00011090163025396473
ien	0,1,6.192333890643384e-05,0.00011090163025396473
ilydiatt	1,0,0.00012384667781286768,5.5450815126982364e-05
imagine	0,1,6.192333890643384e-05,0.00011090163025396473
immediate	0,2,6.192333890643384e-05,0.0001663524453809471
implementation	9,0,0.0006192333890643383,5.5450815126982364e-05
importantly	1,0,0.00012384667781286768,5.5450815126982364e-05
inbox	0,1,6.192333890643384e-05,0.00011090163025396473
incomeunlimited	0,1,6.192333890643384e-05,0.00011090163025396473
incorrectly	1,0,0.00012384667781286768,5.5450815126982364e-05
increasingly	1,0,0.00012384667781286768,5.5450815126982364e-05
india	1,0,0.00012384667781286768,5.5450815126982364e-05
individuals	4,0,0.00030961669453216916,5.5450815126982364e-05
industry	1,5,0.00012384667781286768,0.0003327048907618942
inferior	0,1,6.192333890643384e-05,0.00011090163025396473
infrastructure	0,1,6.192333890643384e-05,0.00011090163025396473
initializes	0,1,6.192333890643384e-05,0.00011090163025396473
initiative	2,0,0.0001857700167193015,5.5450815126982364e-05
inject	0,1,6.192333890643384e-05,0.00011090163025396473
innovation	4,0,0.00030961669453216916,5.5450815126982364e-05
inseminate	0,1,6.192333890643384e-05,0.00011090163025396473
insomnia	0,1,6.192333890643384e-05,0.00011090163025396473
inspection	0,1,6.192333890643384e-05,0.00011090163025396473
instruct	0,1,6.192333890643384e-05,0.00011090163025396473
instructed	0,2,6.192333890643384e-05,0.0001663524453809471
instructions	0,2,6.192333890643384e-05,0.0001663524453809471
instruments	0,1,6.192333890643384e-05,0.00011090163025396473
integrated	1,1,0.00012384667781286768,0.00011090163025396473
intelligence	0,1,6.192333890643384e-05,0.00011090163025396473
intends	1,0,0.00012384667781286768,5.5450815126982364e-05
internally	2,0,0.0001857700167193015,5.5450815126982364e-05
interne	0,1,6.192333890643384e-05,0.00011090163025396473
intl	2,0,0.0001857700167193015,5.5450815126982364e-05
into	10,21,0.0006811567279707721,0.0012199179327936121
invite	1,1,0.00012384667781286768,0.00011090163025396473
involved	2,4,0.0001857700167193015,0.00027725407563491185
involving	2,0,0.0001857700167193015,5.5450815126982364e-05
invovled	2,0,0.0001857700167193015,5.5450815126982364e-05
is	86,86,0.005387330484859744,0.004824220916047466
iso	0,8,6.192333890643384e-05,0.0004990573361428413
issler	5,0,0.000371540033438603,5.5450815126982364e-05
issue	4,13,0.00030961669453216916,0.0007763114117777532
ium	0,1,6.192333890643384e-05,0.00011090163025396473
ivan	0,1,6.192333890643384e-05,0.00011090163025396473
j	21,1,0.0013623134559415443,0.00011090163025396473
jan	4,0,0.00030961669453216916,5.5450815126982364e-05
jersey	1,0,0.00012384667781286768,5.5450815126982364e-05
jimmy	0,2,6.192333890643384e-05,0.0001663524453809471
jirapliegao	0,1,6.192333890643384e-05,0.00011090163025396473
jnexon	1,0,0.00012384667781286768,5.5450815126982364e-05
jo	0,1,6.192333890643384e-05,0.00011090163025396473
johnston	2,0,0.0001857700167193015,5.5450815126982364e-05
jonathon	0,1,6.192333890643384e-05,0.00011090163025396473
jonesg	1,0,0.00012384667781286768,5.5450815126982364e-05
jose	1,0,0.00012384667781286768,5.5450815126982364e-05
joseph	5,2,0.000371540033438603,0.0001663524453809471
journeys	0,1,6.192333890643384e-05,0.00011090163025396473
joyce	1,0,0.00012384667781286768,5.5450815126982364e-05
jubilar	0,1,6.192333890643384e-05,0.00011090163025396473
just	7,28,0.0004953867112514707,0.0016080736386824886
kainantu	0,2,6.192333890643384e-05,0.0001663524453809471
kathryn	3,0,0.00024769335562573535,5.5450815126982364e-05
kay	2,0,0.0001857700167193015,5.5450815126982364e-05
keep	6,10,0.00043346337234503684,0.0006099589663968061
keeping	0,3,6.192333890643384e-05,0.00022180326050792945
kept	0,2,6.192333890643384e-05,0.0001663524453809471
kevin	47,0,0.002972320267508824,5.5450815126982364e-05
khanna	1,0,0.00012384667781286768,5.5450815126982364e-05
kick	1,0,0.00012384667781286768,5.5450815126982364e-05
kickoff	2,0,0.0001857700167193015,5.5450815126982364e-05
killer	0,1,6.192333890643384e-05,0.00011090163025396473
kimberley	0,3,6.192333890643384e-05,0.00022180326050792945
kistler	1,0,0.00012384667781286768,5.5450815126982364e-05
kitchen	3,0,0.00024769335562573535,5.5450815126982364e-05
knights	1,0,0.00012384667781286768,5.5450815126982364e-05
knowlton	1,0,0.00012384667781286768,5.5450815126982364e-05
knows	0,2,6.192333890643384e-05,0.0001663524453809471
knudsen	1,0,0.00012384667781286768,5.5450815126982364e-05
kollaros	1,0,0.00012384667781286768,5.5450815126982364e-05
krgp	2,0,0.0001857700167193015,5.5450815126982364e-05
kristin	2,0,0.0001857700167193015,5.5450815126982364e-05
laborious	0,1,6.192333890643384e-05,0.00011090163025396473
lacrecia	1,0,0.00012384667781286768,5.5450815126982364e-05
lagars	0,1,6.192333890643384e-05,0.00011090163025396473
lagrasta	1,0,0.00012384667781286768,5.5450815126982364e-05
lamb	1,0,0.00012384667781286768,5.5450815126982364e-05
lamproite	0,2,6.192333890643384e-05,0.0001663524453809471
lamps	0,1,6.192333890643384e-05,0.00011090163025396473
land	0,1,6.192333890643384e-05,0.00011090163025396473
lanterns	0,1,6.192333890643384e-05,0.00011090163025396473
large	0,7,6.192333890643384e-05,0.0004436065210158589
larger	2,0,0.0001857700167193015,5.5450815126982364e-05
largest	0,2,6.192333890643384e-05,0.0001663524453809471
last	9,5,0.0006192333890643383,0.0003327048907618942
laughed	0,1,6.192333890643384e-05,0.00011090163025396473
lauri	4,0,0.00030961669453216916,5.5450815126982364e-05
layout	0,3,6.192333890643384e-05,0.00022180326050792945
lcd	0,1,6.192333890643384e-05,0.00011090163025396473
lead	4,5,0.00030961669453216916,0.0003327048907618942
leaders	1,0,0.00012384667781286768,5.5450815126982364e-05
leadership	12,0,0.0008050034057836399,5.5450815126982364e-05
leap	0,1,6.192333890643384e-05,0.00011090163025396473
leaving	0,1,6.192333890643384e-05,0.00011090163025396473
lee	1,0,0.00012384667781286768,5.5450815126982364e-05
leederville	0,1,6.192333890643384e-05,0.00011090163025396473
left	4,0,0.00030961669453216916,5.5450815126982364e-05
legal	1,0,0.00012384667781286768,5.5450815126982364e-05
legs	0,1,6.192333890643384e-05,0.00011090163025396473
lengthen	0,1,6.192333890643384e-05,0.00011090163025396473
less	6,6,0.00043346337234503684,0.0003881557058888766
let	16,12,0.001052696761409375,0.0007208605966507708
liar	0,2,6.192333890643384e-05,0.0001663524453809471
like	14,34,0.0009288500835965075,0.0019407785294443829
lilly	1,0,0.00012384667781286768,5.5450815126982364e-05
linda	5,0,0.000371540033438603,5.5450815126982364e-05
lindiwe	0,2,6.192333890643384e-05,0.0001663524453809471
line	5,12,0.000371540033438603,0.0007208605966507708
lingerie	0,1,6.192333890643384e-05,0.00011090163025396473
link	1,5,0.00012384667781286768,0.0003327048907618942
linktocash	0,1,6.192333890643384e-05,0.00011090163025396473
liquids	1,0,0.00012384667781286768,5.5450815126982364e-05
listen	1,0,0.00012384667781286768,5.5450815126982364e-05
listened	1,0,0.00012384667781286768,5.5450815126982364e-05
lists	0,2,6.192333890643384e-05,0.0001663524453809471
living	0,3,6.192333890643384e-05,0.00022180326050792945
local	5,1,0.000371540033438603,0.00011090163025396473
loczk	0,1,6.192333890643384e-05,0.00011090163025396473
losing	0,2,6.192333890643384e-05,0.0001663524453809471
lower	0,1,6.192333890643384e-05,0.00011090163025396473
lowest	0,1,6.192333890643384e-05,0.00011090163025396473
lsc	0,1,6.192333890643384e-05,0.00011090163025396473
lunch	2,0,0.0001857700167193015,5.5450815126982364e-05
lycopodium	0,1,6.192333890643384e-05,0.00011090163025396473
m	10,14,0.0006811567279707721,0.0008317622269047354
mackey	1,0,0.00012384667781286768,5.5450815126982364e-05
macquarie	0,2,6.192333890643384e-05,0.0001663524453809471
macromedia	0,6,6.192333890643384e-05,0.0003881557058888766
mailto	0,5,6.192333890643384e-05,0.0003327048907618942
main	0,1,6.192333890643384e-05,0.00011090163025396473
makecashonline	0,1,6.192333890643384e-05,0.00011090163025396473
makes	0,4,6.192333890643384e-05,0.00027725407563491185
making	3,11,0.00024769335562573535,0.0006654097815237884
male	0,3,6.192333890643384e-05,0.00022180326050792945
man	1,3,0.00012384667781286768,0.00022180326050792945
managment	4,0,0.00030961669453216916,5.5450815126982364e-05
manganese	0,1,6.192333890643384e-05,0.00011090163025396473
manufacturers	0,1,6.192333890643384e-05,0.00011090163025396473
mark	5,1,0.000371540033438603,0.00011090163025396473
martina	4,0,0.00030961669453216916,5.5450815126982364e-05
martinez	1,0,0.00012384667781286768,5.5450815126982364e-05
mass	0,2,6.192333890643384e-05,0.0001663524453809471
massey	1,0,0.00012384667781286768,5.5450815126982364e-05
master	0,2,6.192333890643384e-05,0.0001663524453809471
material	0,1,6.192333890643384e-05,0.00011090163025396473
maybe	2,2,0.0001857700167193015,0.0001663524453809471
mc	0,1,6.192333890643384e-05,0.00011090163025396473
mcclankg	1,0,0.00012384667781286768,5.5450815126982364e-05
mccullough	1,0,0.00012384667781286768,5.5450815126982364e-05
mcf	1,0,0.00012384667781286768,5.5450815126982364e-05
mclafferty	1,0,0.00012384667781286768,5.5450815126982364e-05
mclarney	1,0,0.00012384667781286768,5.5450815126982364e-05
mcsherry	1,0,0.00012384667781286768,5.5450815126982364e-05
means	2,3,0.0001857700167193015,0.00022180326050792945
measure	0,1,6.192333890643384e-05,0.00011090163025396473
mechanism	1,0,0.00012384667781286768,5.5450815126982364e-05
medications	0,1,6.192333890643384e-05,0.00011090163025396473
meet	4,2,0.00030961669453216916,0.0001663524453809471
meeting	17,0,0.001114620100315809,5.5450815126982364e-05
memo	4,0,0.00030961669453216916,5.5450815126982364e-05
merchandisethat	0,1,6.192333890643384e-05,0.00011090163025396473
merchant	2,3,0.0001857700167193015,0.00022180326050792945
merry	2,0,0.0001857700167193015,5.5450815126982364e-05
metaphors	0,1,6.192333890643384e-05,0.00011090163025396473
meter	13,0,0.0008669267446900737,5.5450815126982364e-05
meyers	1,0,0.00012384667781286768,5.5450815126982364e-05
michelago	0,2,6.192333890643384e-05,0.0001663524453809471
michele	1,0,0.00012384667781286768,5.5450815126982364e-05
microsoft	0,6,6.192333890643384e-05,0.0003881557058888766
midwestern	1,0,0.00012384667781286768,5.5450815126982364e-05
mighty	0,1,6.192333890643384e-05,0.00011090163025396473
migraine	0,1,6.192333890643384e-05,0.00011090163025396473
miguel	1,0,0.00012384667781286768,5.5450815126982364e-05
milestone	0,1,6.192333890643384e-05,0.00011090163025396473
millions	0,2,6.192333890643384e-05,0.0001663524453809471
mime	0,1,6.192333890643384e-05,0.00011090163025396473
mind	0,13,6.192333890643384e-05,0.0007763114117777532
minerals	0,4,6.192333890643384e-05,0.00027725407563491185
miningnews	0,9,6.192333890643384e-05,0.0005545081512698237
minute	2,2,0.0001857700167193015,0.0001663524453809471
mircosoft	0,1,6.192333890643384e-05,0.00011090163025396473
mirror	2,0,0.0001857700167193015,5.5450815126982364e-05
mitral	0,1,6.192333890643384e-05,0.00011090163025396473
mix	1,0,0.00012384667781286768,5.5450815126982364e-05
mmce	1,0,0.00012384667781286768,5.5450815126982364e-05
mo	0,1,6.192333890643384e-05,0.00011090163025396473
moates	0,1,6.192333890643384e-05,0.00011090163025396473
moderates	2,0,0.0001857700167193015,5.5450815126982364e-05
moderator	0,4,6.192333890643384e-05,0.00027725407563491185
modification	0,1,6.192333890643384e-05,0.00011090163025396473
module	1,0,0.00012384667781286768,5.5450815126982364e-05
month	4,8,0.00030961669453216916,0.0004990573361428413
most	4,15,0.00030961669453216916,0.0008872130420317178
motivating	1,0,0.00012384667781286768,5.5450815126982364e-05
mouse	0,5,6.192333890643384e-05,0.0003327048907618942
move	3,3,0.00024769335562573535,0.00022180326050792945
mr	0,4,6.192333890643384e-05,0.00027725407563491185
msessa	1,0,0.00012384667781286768,5.5450815126982364e-05
mst	0,1,6.192333890643384e-05,0.00011090163025396473
multipart	0,1,6.192333890643384e-05,0.00011090163025396473
muscle	0,2,6.192333890643384e-05,0.0001663524453809471
musically	0,1,6.192333890643384e-05,0.00011090163025396473
must	5,10,0.000371540033438603,0.0006099589663968061
mx	0,6,6.192333890643384e-05,0.0003881557058888766
myinput	0,4,6.192333890643384e-05,0.00027725407563491185
myinputare	0,1,6.192333890643384e-05,0.00011090163025396473
names	5,0,0.000371540033438603,5.5450815126982364e-05
nation	0,1,6.192333890643384e-05,0.00011090163025396473
nature	0,1,6.192333890643384e-05,0.00011090163025396473
nbi	0,1,6.192333890643384e-05,0.00011090163025396473
neat	0,1,6.192333890643384e-05,0.00011090163025396473
nebulous	1,0,0.00012384667781286768,5.5450815126982364e-05
necessary	3,3,0.00024769335562573535,0.00022180326050792945
necessities	0,1,6.192333890643384e-05,0.00011090163025396473
need	35,14,0.002229240200631618,0.0008317622269047354
needed	6,1,0.00043346337234503684,0.00011090163025396473
negotiating	1,0,0.00012384667781286768,5.5450815126982364e-05
nero	0,1,6.192333890643384e-05,0.00011090163025396473
netsbestinfo	0,2,6.192333890643384e-05,0.0001663524453809471
network	0,1,6.192333890643384e-05,0.00011090163025396473
neuweiler	2,0,0.0001857700167193015,5.5450815126982364e-05
never	1,4,0.00012384667781286768,0.00027725407563491185
newcomers	2,0,0.0001857700167193015,5.5450815126982364e-05
news	1,5,0.00012384667781286768,0.0003327048907618942
newsboy	0,2,6.192333890643384e-05,0.0001663524453809471
newsletters	0,3,6.192333890643384e-05,0.00022180326050792945
nextpart	0,1,6.192333890643384e-05,0.00011090163025396473
nice	2,1,0.0001857700167193015,0.00011090163025396473
nickname	0,1,6.192333890643384e-05,0.00011090163025396473
nicolay	1,0,0.00012384667781286768,5.5450815126982364e-05
night	3,1,0.00024769335562573535,0.00011090163025396473
nodded	0,1,6.192333890643384e-05,0.00011090163025396473
nomination	4,0,0.00030961669453216916,5.5450815126982364e-05
nommensen	1,0,0.00012384667781286768,5.5450815126982364e-05
non	1,2,0.00012384667781286768,0.0001663524453809471
noon	1,0,0.00012384667781286768,5.5450815126982364e-05
norma	1,0,0.00012384667781286768,5.5450815126982364e-05
normal	0,8,6.192333890643384e-05,0.0004990573361428413
normet	0,2,6.192333890643384e-05,0.0001663524453809471
northern	0,3,6.192333890643384e-05,0.00022180326050792945
not	31,56,0.001981546845005883,0.003160696462237995
noted	1,0,0.00012384667781286768,5.5450815126982364e-05
notes	1,0,0.00012384667781286768,5.5450815126982364e-05
noticed	0,1,6.192333890643384e-05,0.00011090163025396473
novelties	0,1,6.192333890643384e-05,0.00011090163025396473
november	3,0,0.00024769335562573535,5.5450815126982364e-05
now	6,19,0.00043346337234503684,0.0011090163025396474
nowbetterthis	0,1,6.192333890643384e-05,0.00011090163025396473
nt	0,1,6.192333890643384e-05,0.00011090163025396473
number	9,2,0.0006192333890643383,0.0001663524453809471
obtain	1,2,0.00012384667781286768,0.0001663524453809471
obtained	0,1,6.192333890643384e-05,0.00011090163025396473
occasion	0,1,6.192333890643384e-05,0.00011090163025396473
occurs	1,0,0.00012384667781286768,5.5450815126982364e-05
ocd	0,1,6.192333890643384e-05,0.00011090163025396473
odlx	0,1,6.192333890643384e-05,0.00011090163025396473
official	1,0,0.00012384667781286768,5.5450815126982364e-05
old	1,4,0.00012384667781286768,0.00027725407563491185
once	4,3,0.00030961669453216916,0.00022180326050792945
ondarza	1,0,0.00012384667781286768,5.5450815126982364e-05
one	6,45,0.00043346337234503684,0.002550737495841189
ontacted	0,1,6.192333890643384e-05,0.00011090163025396473
op	0,3,6.192333890643384e-05,0.00022180326050792945
openpage	0,1,6.192333890643384e-05,0.00011090163025396473
operators	0,3,6.192333890643384e-05,0.00022180326050792945
opposite	0,1,6.192333890643384e-05,0.00011090163025396473
optimistic	1,0,0.00012384667781286768,5.5450815126982364e-05
optionscontrol	0,1,6.192333890643384e-05,0.00011090163025396473
orders	0,1,6.192333890643384e-05,0.00011090163025396473
org	2,1,0.0001857700167193015,0.00011090163025396473
orgtrade	0,1,6.192333890643384e-05,0.00011090163025396473
oriental	0,1,6.192333890643384e-05,0.00011090163025396473
original	0,2,6.192333890643384e-05,0.0001663524453809471
originality	0,1,6.192333890643384e-05,0.00011090163025396473
others	3,1,0.00024769335562573535,0.00011090163025396473
ourselves	1,0,0.00012384667781286768,5.5450815126982364e-05
outback	0,1,6.192333890643384e-05,0.00011090163025396473
outlined	1,0,0.00012384667781286768,5.5450815126982364e-05
outlook	2,1,0.0001857700167193015,0.00011090163025396473
outpacing	1,0,0.00012384667781286768,5.5450815126982364e-05
outrageous	0,1,6.192333890643384e-05,0.00011090163025396473
overall	1,1,0.00012384667781286768,0.00011090163025396473
overgaard	1,0,0.00012384667781286768,5.5450815126982364e-05
overnight	0,2,6.192333890643384e-05,0.0001663524453809471
overwhelm	0,1,6.192333890643384e-05,0.00011090163025396473
owe	0,1,6.192333890643384e-05,0.00011090163025396473
own	1,12,0.00012384667781286768,0.0007208605966507708
owned	2,2,0.0001857700167193015,0.0001663524453809471
owners	0,1,6.192333890643384e-05,0.00011090163025396473
ownership	2,0,0.0001857700167193015,5.5450815126982364e-05
oxymoron	1,0,0.00012384667781286768,5.5450815126982364e-05
p	7,13,0.0004953867112514707,0.0007763114117777532
pain	0,2,6.192333890643384e-05,0.0001663524453809471
papua	0,1,6.192333890643384e-05,0.00011090163025396473
part	3,1,0.00024769335562573535,0.00011090163025396473
participate	2,1,0.0001857700167193015,0.00011090163025396473
participation	1,0,0.00012384667781286768,5.5450815126982364e-05
parties	0,3,6.192333890643384e-05,0.00022180326050792945
pass	0,1,6.192333890643384e-05,0.00011090163025396473
passport	0,1,6.192333890643384e-05,0.00011090163025396473
password	4,1,0.00030961669453216916,0.00011090163025396473
pathetic	0,1,6.192333890643384e-05,0.00011090163025396473
pathos	0,1,6.192333890643384e-05,0.00011090163025396473
payne	2,0,0.0001857700167193015,5.5450815126982364e-05
pc	0,4,6.192333890643384e-05,0.00027725407563491185
penance	0,1,6.192333890643384e-05,0.00011090163025396473
percentage	0,2,6.192333890643384e-05,0.0001663524453809471
perfect	1,2,0.00012384667781286768,0.0001663524453809471
perform	0,1,6.192333890643384e-05,0.00011090163025396473
period	5,2,0.000371540033438603,0.0001663524453809471
persist	1,0,0.00012384667781286768,5.5450815126982364e-05
personage	0,1,6.192333890643384e-05,0.00011090163025396473
personal	4,6,0.00030961669453216916,0.0003881557058888766
personality	0,1,6.192333890643384e-05,0.00011090163025396473
personnel	6,0,0.00043346337234503684,5.5450815126982364e-05
persons	1,0,0.00012384667781286768,5.5450815126982364e-05
perth	0,1,6.192333890643384e-05,0.00011090163025396473
pete	1,0,0.00012384667781286768,5.5450815126982364e-05
peter	0,3,6.192333890643384e-05,0.00022180326050792945
petteway	1,0,0.00012384667781286768,5.5450815126982364e-05
phentermine	0,2,6.192333890643384e-05,0.0001663524453809471
philip	1,0,0.00012384667781286768,5.5450815126982364e-05
phillip	1,0,0.00012384667781286768,5.5450815126982364e-05
phone	2,12,0.0001857700167193015,0.0007208605966507708
php	0,3,6.192333890643384e-05,0.00022180326050792945
pilkington	0,1,6.192333890643384e-05,0.00011090163025396473
pipe	1,0,0.00012384667781286768,5.5450815126982364e-05
pitifully	0,1,6.192333890643384e-05,0.00011090163025396473
place	5,12,0.000371540033438603,0.0007208605966507708
plain	0,4,6.192333890643384e-05,0.00027725407563491185
plan	7,0,0.0004953867112514707,5.5450815126982364e-05
plants	2,0,0.0001857700167193015,5.5450815126982364e-05
platitudes	0,1,6.192333890643384e-05,0.00011090163025396473
pleasant	1,0,0.00012384667781286768,5.5450815126982364e-05
please	41,20,0.002600780234070221,0.0011644671176666297
plentiful	0,1,6.192333890643384e-05,0.00011090163025396473
po	0,1,6.192333890643384e-05,0.00011090163025396473
political	0,2,6.192333890643384e-05,0.0001663524453809471
politicians	1,0,0.00012384667781286768,5.5450815126982364e-05
poor	0,3,6.192333890643384e-05,0.00022180326050792945
ports	0,1,6.192333890643384e-05,0.00011090163025396473
positions	1,0,0.00012384667781286768,5.5450815126982364e-05
possesses	0,1,6.192333890643384e-05,0.00011090163025396473
possibilities	0,1,6.192333890643384e-05,0.00011090163025396473
possible	8,5,0.0005573100501579045,0.0003327048907618942
post	0,7,6.192333890643384e-05,0.0004436065210158589
posting	0,1,6.192333890643384e-05,0.00011090163025396473
potential	1,4,0.00012384667781286768,0.00027725407563491185
pound	0,2,6.192333890643384e-05,0.0001663524453809471
practices	2,0,0.0001857700167193015,5.5450815126982364e-05
precluded	1,0,0.00012384667781286768,5.5450815126982364e-05
preneur	0,1,6.192333890643384e-05,0.00011090163025396473
prescriptions	0,1,6.192333890643384e-05,0.00011090163025396473
presence	2,0,0.0001857700167193015,5.5450815126982364e-05
present	2,0,0.0001857700167193015,5.5450815126982364e-05
presented	0,1,6.192333890643384e-05,0.00011090163025396473
pressure	3,2,0.00024769335562573535,0.0001663524453809471
prevent	0,1,6.192333890643384e-05,0.00011090163025396473
prices	2,5,0.0001857700167193015,0.0003327048907618942
pricing	2,2,0.0001857700167193015,0.0001663524453809471
pride	1,0,0.00012384667781286768,5.5450815126982364e-05
priices	0,1,6.192333890643384e-05,0.00011090163025396473
prilosec	0,1,6.192333890643384e-05,0.00011090163025396473
primary	3,0,0.00024769335562573535,5.5450815126982364e-05
printable	0,2,6.192333890643384e-05,0.0001663524453809471
printer	23,0,0.001486160133754412,5.5450815126982364e-05
prior	7,0,0.0004953867112514707,5.5450815126982364e-05
privacy	0,5,6.192333890643384e-05,0.0003327048907618942
private	0,5,6.192333890643384e-05,0.0003327048907618942
pro	0,1,6.192333890643384e-05,0.00011090163025396473
probably	1,4,0.00012384667781286768,0.00027725407563491185
problems	1,3,0.00012384667781286768,0.00022180326050792945
procedures	2,0,0.0001857700167193015,5.5450815126982364e-05
proceeds	1,0,0.00012384667781286768,5.5450815126982364e-05
procrustes	0,1,6.192333890643384e-05,0.00011090163025396473
procurement	2,0,0.0001857700167193015,5.5450815126982364e-05
produce	0,2,6.192333890643384e-05,0.0001663524453809471
producer	0,1,6.192333890643384e-05,0.00011090163025396473
product	2,28,0.0001857700167193015,0.0016080736386824886
profitbanners	0,3,6.192333890643384e-05,0.00022180326050792945
profits	0,1,6.192333890643384e-05,0.00011090163025396473
program	1,2,0.00012384667781286768,0.0001663524453809471
prohibited	1,0,0.00012384667781286768,5.5450815126982364e-05
projects	2,0,0.0001857700167193015,5.5450815126982364e-05
prominent	0,2,6.192333890643384e-05,0.0001663524453809471
promoting	0,2,6.192333890643384e-05,0.0001663524453809471
property	0,2,6.192333890643384e-05,0.0001663524453809471
proposal	2,4,0.0001857700167193015,0.00027725407563491185
prove	0,2,6.192333890643384e-05,0.0001663524453809471
prozac	0,1,6.192333890643384e-05,0.00011090163025396473
pst	1,0,0.00012384667781286768,5.5450815126982364e-05
pts	1,0,0.00012384667781286768,5.5450815126982364e-05
puc	2,0,0.0001857700167193015,5.5450815126982364e-05
pull	4,1,0.00030961669453216916,0.00011090163025396473
pulled	1,0,0.00012384667781286768,5.5450815126982364e-05
pulling	1,0,0.00012384667781286768,5.5450815126982364e-05
purchase	4,5,0.00030961669453216916,0.0003327048907618942
pushed	0,1,6.192333890643384e-05,0.00011090163025396473
pushes	0,1,6.192333890643384e-05,0.00011090163025396473
pushing	0,1,6.192333890643384e-05,0.00011090163025396473
puts	1,0,0.00012384667781286768,5.5450815126982364e-05
quasi	1,0,0.00012384667781286768,5.5450815126982364e-05
queensland	0,2,6.192333890643384e-05,0.0001663524453809471
questions	17,15,0.001114620100315809,0.0008872130420317178
quick	1,0,0.00012384667781286768,5.5450815126982364e-05
quoted	2,2,0.0001857700167193015,0.0001663524453809471
quotes	0,3,6.192333890643384e-05,0.00022180326050792945
rac	1,0,0.00012384667781286768,5.5450815126982364e-05
rail	0,3,6.192333890643384e-05,0.00022180326050792945
railing	0,1,6.192333890643384e-05,0.00011090163025396473
raise	0,2,6.192333890643384e-05,0.0001663524453809471
ramupgradeable	0,1,6.192333890643384e-05,0.00011090163025396473
ranen	1,0,0.00012384667781286768,5.5450815126982364e-05
rapidly	0,1,6.192333890643384e-05,0.00011090163025396473
rather	1,3,0.00012384667781286768,0.00022180326050792945
rd	1,0,0.00012384667781286768,5.5450815126982364e-05
read	0,16,6.192333890643384e-05,0.0009426638571587002
readers	0,3,6.192333890643384e-05,0.00022180326050792945
readies	0,1,6.192333890643384e-05,0.00011090163025396473
reading	0,1,6.192333890643384e-05,0.00011090163025396473
reado	0,1,6.192333890643384e-05,0.00011090163025396473
realize	0,1,6.192333890643384e-05,0.00011090163025396473
really	3,4,0.00024769335562573535,0.00027725407563491185
reasons	0,1,6.192333890643384e-05,0.00011090163025396473
rebels	0,2,6.192333890643384e-05,0.0001663524453809471
recap	2,1,0.0001857700167193015,0.00011090163025396473
receipt	3,2,0.00024769335562573535,0.0001663524453809471
receive	2,8,0.0001857700167193015,0.0004990573361428413
reclaimers	0,1,6.192333890643384e-05,0.00011090163025396473
recognizing	3,0,0.00024769335562573535,5.5450815126982364e-05
recruiting	2,1,0.0001857700167193015,0.00011090163025396473
redesigns	0,1,6.192333890643384e-05,0.00011090163025396473
reduction	2,1,0.0001857700167193015,0.00011090163025396473
reference	0,1,6.192333890643384e-05,0.00011090163025396473
referred	1,1,0.00012384667781286768,0.00011090163025396473
refugee	0,2,6.192333890643384e-05,0.0001663524453809471
regretful	0,1,6.192333890643384e-05,0.00011090163025396473
reliant	3,0,0.00024769335562573535,5.5450815126982364e-05
remember	3,4,0.00024769335562573535,0.00027725407563491185
removed	0,2,6.192333890643384e-05,0.0001663524453809471
removes	0,1,6.192333890643384e-05,0.00011090163025396473
removing	0,1,6.192333890643384e-05,0.00011090163025396473
renewable	2,0,0.0001857700167193015,5.5450815126982364e-05
rental	0,1,6.192333890643384e-05,0.00011090163025396473
reply	0,2,6.192333890643384e-05,0.0001663524453809471
replying	1,0,0.00012384667781286768,5.5450815126982364e-05
representatives	1,1,0.00012384667781286768,0.00011090163025396473
reputation	0,1,6.192333890643384e-05,0.00011090163025396473
required	0,1,6.192333890643384e-05,0.00011090163025396473
requires	0,1,6.192333890643384e-05,0.00011090163025396473
reseller	0,1,6.192333890643384e-05,0.00011090163025396473
resolved	1,0,0.00012384667781286768,5.5450815126982364e-05
respectable	0,1,6.192333890643384e-05,0.00011090163025396473
respond	1,3,0.00012384667781286768,0.00022180326050792945
responses	0,4,6.192333890643384e-05,0.00027725407563491185
restate	0,1,6.192333890643384e-05,0.00011090163025396473
restore	0,1,6.192333890643384e-05,0.00011090163025396473
restrictions	1,0,0.00012384667781286768,5.5450815126982364e-05
retentive	0,1,6.192333890643384e-05,0.00011090163025396473
retired	0,2,6.192333890643384e-05,0.0001663524453809471
retirement	0,1,6.192333890643384e-05,0.00011090163025396473
review	6,4,0.00043346337234503684,0.00027725407563491185
reviewed	0,4,6.192333890643384e-05,0.00027725407563491185
reviewing	0,1,6.192333890643384e-05,0.00011090163025396473
revised	1,0,0.00012384667781286768,5.5450815126982364e-05
revolution	0,2,6.192333890643384e-05,0.0001663524453809471
richard	3,0,0.00024769335562573535,5.5450815126982364e-05
richarddaniel	1,0,0.00012384667781286768,5.5450815126982364e-05
rid	0,1,6.192333890643384e-05,0.00011090163025396473
riding	0,1,6.192333890643384e-05,0.00011090163025396473
rising	1,0,0.00012384667781286768,5.5450815126982364e-05
rizzi	2,0,0.0001857700167193015,5.5450815126982364e-05
rm	0,1,6.192333890643384e-05,0.00011090163025396473
roared	0,1,6.192333890643384e-05,0.00011090163025396473
roberts	9,0,0.0006192333890643383,5.5450815126982364e-05
roibot	0,2,6.192333890643384e-05,0.0001663524453809471
roman	4,0,0.00030961669453216916,5.5450815126982364e-05
room	3,0,0.00024769335562573535,5.5450815126982364e-05
roving	0,4,6.192333890643384e-05,0.00027725407563491185
rudl	0,1,6.192333890643384e-05,0.00011090163025396473
running	2,4,0.0001857700167193015,0.00027725407563491185
russell	1,0,0.00012384667781286768,5.5450815126982364e-05
rvsq	0,1,6.192333890643384e-05,0.00011090163025396473
ryanmcgeachie	1,0,0.00012384667781286768,5.5450815126982364e-05
s	50,66,0.0031580902842281255,0.0037152046135078185
safe	1,2,0.00012384667781286768,0.0001663524453809471
safety	0,2,6.192333890643384e-05,0.0001663524453809471
sale	1,7,0.00012384667781286768,0.0004436065210158589
salt	0,1,6.192333890643384e-05,0.00011090163025396473
sampling	0,1,6.192333890643384e-05,0.00011090163025396473
san	3,0,0.00024769335562573535,5.5450815126982364e-05
sat	1,0,0.00012384667781286768,5.5450815126982364e-05
saturday	1,0,0.00012384667781286768,5.5450815126982364e-05
says	1,2,0.00012384667781286768,0.0001663524453809471
sc	0,2,6.192333890643384e-05,0.0001663524453809471
scams	0,1,6.192333890643384e-05,0.00011090163025396473
schott	1,0,0.00012384667781286768,5.5450815126982364e-05
schumack	3,0,0.00024769335562573535,5.5450815126982364e-05
science	0,1,6.192333890643384e-05,0.00011090163025396473
scientific	0,1,6.192333890643384e-05,0.00011090163025396473
scope	2,0,0.0001857700167193015,5.5450815126982364e-05
screen	0,1,6.192333890643384e-05,0.00011090163025396473
screening	0,1,6.192333890643384e-05,0.00011090163025396473
script	0,3,6.192333890643384e-05,0.00022180326050792945
scroll	0,3,6.192333890643384e-05,0.00022180326050792945
season	1,0,0.00012384667781286768,5.5450815126982364e-05
secret	0,2,6.192333890643384e-05,0.0001663524453809471
section	1,3,0.00012384667781286768,0.00022180326050792945
seems	4,0,0.00030961669453216916,5.5450815126982364e-05
seen	1,2,0.00012384667781286768,0.0001663524453809471
seize	2,0,0.0001857700167193015,5.5450815126982364e-05
sells	0,2,6.192333890643384e-05,0.0001663524453809471
sempratrading	1,0,0.00012384667781286768,5.5450815126982364e-05
sengupta	1,0,0.00012384667781286768,5.5450815126982364e-05
sent	5,6,0.000371540033438603,0.0003881557058888766
sentence	0,2,6.192333890643384e-05,0.0001663524453809471
separate	1,4,0.00012384667781286768,0.00027725407563491185
sera	1,0,0.00012384667781286768,5.5450815126982364e-05
serial	0,1,6.192333890643384e-05,0.00011090163025396473
serious	0,1,6.192333890643384e-05,0.00011090163025396473
served	0,1,6.192333890643384e-05,0.00011090163025396473
servers	0,2,6.192333890643384e-05,0.0001663524453809471
services	4,6,0.00030961669453216916,0.0003881557058888766
session	0,1,6.192333890643384e-05,0.00011090163025396473
setting	2,0,0.0001857700167193015,5.5450815126982364e-05
settled	2,0,0.0001857700167193015,5.5450815126982364e-05
settlement	2,0,0.0001857700167193015,5.5450815126982364e-05
several	11,5,0.000743080066877206,0.0003327048907618942
seward	0,1,6.192333890643384e-05,0.00011090163025396473
sexual	0,2,6.192333890643384e-05,0.0001663524453809471
sezgen	4,0,0.00030961669453216916,5.5450815126982364e-05
shall	1,1,0.00012384667781286768,0.00011090163025396473
shanbhogue	5,0,0.000371540033438603,5.5450815126982364e-05
shandong	0,1,6.192333890643384e-05,0.00011090163025396473
shared	3,0,0.00024769335562573535,5.5450815126982364e-05
shares	0,1,6.192333890643384e-05,0.00011090163025396473
sharing	2,1,0.0001857700167193015,0.00011090163025396473
sharpens	0,1,6.192333890643384e-05,0.00011090163025396473
shenkman	1,0,0.00012384667781286768,5.5450815126982364e-05
shiip	0,2,6.192333890643384e-05,0.0001663524453809471
shop	0,3,6.192333890643384e-05,0.00022180326050792945
shorter	0,1,6.192333890643384e-05,0.00011090163025396473
should	8,14,0.0005573100501579045,0.0008317622269047354
showcases	0,5,6.192333890643384e-05,0.0003327048907618942
shown	0,2,6.192333890643384e-05,0.0001663524453809471
shutdown	0,1,6.192333890643384e-05,0.00011090163025396473
shy	1,0,0.00012384667781286768,5.5450815126982364e-05
side	0,2,6.192333890643384e-05,0.0001663524453809471
sierra	0,4,6.192333890643384e-05,0.00027725407563491185
sign	1,3,0.00012384667781286768,0.00022180326050792945
signed	0,3,6.192333890643384e-05,0.00022180326050792945
signing	0,1,6.192333890643384e-05,0.00011090163025396473
silver	0,1,6.192333890643384e-05,0.00011090163025396473
simply	0,2,6.192333890643384e-05,0.0001663524453809471
singing	0,1,6.192333890643384e-05,0.00011090163025396473
singleton	1,0,0.00012384667781286768,5.5450815126982364e-05
six	1,2,0.00012384667781286768,0.0001663524453809471
skills	0,2,6.192333890643384e-05,0.0001663524453809471
slgavjmoqq	0,1,6.192333890643384e-05,0.00011090163025396473
slightly	1,0,0.00012384667781286768,5.5450815126982364e-05
slots	0,1,6.192333890643384e-05,0.00011090163025396473
slowly	0,1,6.192333890643384e-05,0.00011090163025396473
smoking	0,5,6.192333890643384e-05,0.0003327048907618942
snooping	0,1,6.192333890643384e-05,0.00011090163025396473
so	22,28,0.0014242367948479782,0.0016080736386824886
sokolov	4,0,0.00030961669453216916,5.5450815126982364e-05
solely	0,1,6.192333890643384e-05,0.00011090163025396473
solmonson	1,0,0.00012384667781286768,5.5450815126982364e-05
some	35,25,0.002229240200631618,0.0014417211933015416
sometimes	0,1,6.192333890643384e-05,0.00011090163025396473
sound	2,1,0.0001857700167193015,0.00011090163025396473
sources	6,0,0.00043346337234503684,5.5450815126982364e-05
souza	1,0,0.00012384667781286768,5.5450815126982364e-05
spam	0,7,6.192333890643384e-05,0.0004436065210158589
speak	2,4,0.0001857700167193015,0.00027725407563491185
speaking	0,1,6.192333890643384e-05,0.00011090163025396473
specific	2,5,0.0001857700167193015,0.0003327048907618942
speed	2,0,0.0001857700167193015,5.5450815126982364e-05
speeding	0,1,6.192333890643384e-05,0.00011090163025396473
spell	0,2,6.192333890643384e-05,0.0001663524453809471
spelling	0,3,6.192333890643384e-05,0.00022180326050792945
spend	0,4,6.192333890643384e-05,0.00027725407563491185
spending	0,1,6.192333890643384e-05,0.00011090163025396473
spirit	2,0,0.0001857700167193015,5.5450815126982364e-05
split	1,1,0.00012384667781286768,0.00011090163025396473
sportsbetting	0,1,6.192333890643384e-05,0.00011090163025396473
spot	4,1,0.00030961669453216916,0.00011090163025396473
spreads	1,0,0.00012384667781286768,5.5450815126982364e-05
sr	0,1,6.192333890643384e-05,0.00011090163025396473
ssb	1,0,0.00012384667781286768,5.5450815126982364e-05
stacey	3,1,0.00024769335562573535,0.00011090163025396473
staff	4,0,0.00030961669453216916,5.5450815126982364e-05
stage	0,2,6.192333890643384e-05,0.0001663524453809471
stalling	0,1,6.192333890643384e-05,0.00011090163025396473
stand	0,2,6.192333890643384e-05,0.0001663524453809471
standing	0,4,6.192333890643384e-05,0.00027725407563491185
star	0,2,6.192333890643384e-05,0.0001663524453809471
startbgmlmezine	0,1,6.192333890643384e-05,0.00011090163025396473
stats	2,0,0.0001857700167193015,5.5450815126982364e-05
stephanie	1,0,0.00012384667781286768,5.5450815126982364e-05
steps	0,1,6.192333890643384e-05,0.00011090163025396473
stern	0,1,6.192333890643384e-05,0.00011090163025396473
stocker	0,1,6.192333890643384e-05,0.00011090163025396473
stockhouse	0,1,6.192333890643384e-05,0.00011090163025396473
stomaching	0,1,6.192333890643384e-05,0.00011090163025396473
stood	0,1,6.192333890643384e-05,0.00011090163025396473
stop	5,9,0.000371540033438603,0.0005545081512698237
story	0,16,6.192333890643384e-05,0.0009426638571587002
strategy	2,0,0.0001857700167193015,5.5450815126982364e-05
stratton	1,0,0.00012384667781286768,5.5450815126982364e-05
streets	0,1,6.192333890643384e-05,0.00011090163025396473
strengthened	0,1,6.192333890643384e-05,0.00011090163025396473
strengthening	1,0,0.00012384667781286768,5.5450815126982364e-05
strengths	2,0,0.0001857700167193015,5.5450815126982364e-05
stress	0,5,6.192333890643384e-05,0.0003327048907618942
strides	2,0,0.0001857700167193015,5.5450815126982364e-05
structure	5,0,0.000371540033438603,5.5450815126982364e-05
studio	0,2,6.192333890643384e-05,0.0001663524453809471
styles	1,0,0.00012384667781286768,5.5450815126982364e-05
subscriptions	0,1,6.192333890643384e-05,0.00011090163025396473
succeeds	1,0,0.00012384667781286768,5.5450815126982364e-05
super	0,4,6.192333890643384e-05,0.00027725407563491185
supervisors	5,0,0.000371540033438603,5.5450815126982364e-05
supply	3,1,0.00024769335562573535,0.00011090163025396473
surf	0,5,6.192333890643384e-05,0.0003327048907618942
surfing	0,1,6.192333890643384e-05,0.00011090163025396473
sustainability	0,1,6.192333890643384e-05,0.00011090163025396473
swbe	1,0,0.00012384667781286768,5.5450815126982364e-05
swings	0,1,6.192333890643384e-05,0.00011090163025396473
switch	1,0,0.00012384667781286768,5.5450815126982364e-05
syndicate	0,1,6.192333890643384e-05,0.00011090163025396473
table	1,1,0.00012384667781286768,0.00011090163025396473
tablets	0,1,6.192333890643384e-05,0.00011090163025396473
tag	0,1,6.192333890643384e-05,0.00011090163025396473
take	7,7,0.0004953867112514707,0.0004436065210158589
takeover	2,0,0.0001857700167193015,5.5450815126982364e-05
takriti	5,0,0.000371540033438603,5.5450815126982364e-05
tamarchenko	4,0,0.00030961669453216916,5.5450815126982364e-05
tangible	1,0,0.00012384667781286768,5.5450815126982364e-05
tanya	4,0,0.00030961669453216916,5.5450815126982364e-05
taylor	1,0,0.00012384667781286768,5.5450815126982364e-05
teach	0,1,6.192333890643384e-05,0.00011090163025396473
teachers	0,1,6.192333890643384e-05,0.00011090163025396473
techniques	0,2,6.192333890643384e-05,0.0001663524453809471
technology	2,1,0.0001857700167193015,0.00011090163025396473
teco	2,0,0.0001857700167193015,5.5450815126982364e-05
teddy	0,3,6.192333890643384e-05,0.00022180326050792945
tejones	2,0,0.0001857700167193015,5.5450815126982364e-05
tel	0,1,6.192333890643384e-05,0.00011090163025396473
telephone	3,0,0.00024769335562573535,5.5450815126982364e-05
teleseminar	0,2,6.192333890643384e-05,0.0001663524453809471
television	0,1,6.192333890643384e-05,0.00011090163025396473
tell	0,12,6.192333890643384e-05,0.0007208605966507708
tenacity	0,1,6.192333890643384e-05,0.00011090163025396473
teosrest	0,1,6.192333890643384e-05,0.00011090163025396473
terence	0,1,6.192333890643384e-05,0.00011090163025396473
terrific	0,1,6.192333890643384e-05,0.00011090163025396473
test	0,1,6.192333890643384e-05,0.00011090163025396473
texts	2,0,0.0001857700167193015,5.5450815126982364e-05
th	9,0,0.0006192333890643383,5.5450815126982364e-05
than	11,10,0.000743080066877206,0.0006099589663968061
thanks	33,0,0.00210539352281875,5.5450815126982364e-05
that	71,100,0.004458480401263236,0.005600532327825219
them	7,45,0.0004953867112514707,0.002550737495841189
therefore	3,1,0.00024769335562573535,0.00011090163025396473
they	11,47,0.000743080066877206,0.0026616391260951538
thing	3,7,0.00024769335562573535,0.0004436065210158589
thirty	0,2,6.192333890643384e-05,0.0001663524453809471
thorns	0,1,6.192333890643384e-05,0.00011090163025396473
those	4,9,0.00030961669453216916,0.0005545081512698237
though	3,1,0.00024769335562573535,0.00011090163025396473
thoughts	0,1,6.192333890643384e-05,0.00011090163025396473
thousainds	0,1,6.192333890643384e-05,0.00011090163025396473
thousands	1,2,0.00012384667781286768,0.0001663524453809471
threats	2,0,0.0001857700167193015,5.5450815126982364e-05
thronged	0,1,6.192333890643384e-05,0.00011090163025396473
through	3,10,0.00024769335562573535,0.0006099589663968061
thu	10,0,0.0006811567279707721,5.5450815126982364e-05
thuraisingham	6,0,0.00043346337234503684,5.5450815126982364e-05
timotheus	0,1,6.192333890643384e-05,0.00011090163025396473
tin	0,5,6.192333890643384e-05,0.0003327048907618942
tips	0,4,6.192333890643384e-05,0.00027725407563491185
tire	0,1,6.192333890643384e-05,0.00011090163025396473
titles	0,3,6.192333890643384e-05,0.00022180326050792945
todd	1,0,0.00012384667781286768,5.5450815126982364e-05
took	1,2,0.00012384667781286768,0.0001663524453809471
topics	0,1,6.192333890643384e-05,0.00011090163025396473
touched	0,1,6.192333890643384e-05,0.00011090163025396473
towards	0,4,6.192333890643384e-05,0.00027725407563491185
towels	0,1,6.192333890643384e-05,0.00011090163025396473
traders	1,0,0.00012384667781286768,5.5450815126982364e-05
trading	26,0,0.0016719301504737136,5.5450815126982364e-05
trafficmultipliers	0,1,6.192333890643384e-05,0.00011090163025396473
transalta	1,0,0.00012384667781286768,5.5450815126982364e-05
transition	4,0,0.00030961669453216916,5.5450815126982364e-05
treat	1,0,0.00012384667781286768,5.5450815126982364e-05
trevino	2,0,0.0001857700167193015,5.5450815126982364e-05
trials	0,1,6.192333890643384e-05,0.00011090163025396473
trips	0,1,6.192333890643384e-05,0.00011090163025396473
troubled	0,1,6.192333890643384e-05,0.00011090163025396473
true	0,7,6.192333890643384e-05,0.0004436065210158589
tuned	1,0,0.00012384667781286768,5.5450815126982364e-05
tuning	1,0,0.00012384667781286768,5.5450815126982364e-05
turk	0,3,6.192333890643384e-05,0.00022180326050792945
turn	1,1,0.00012384667781286768,0.00011090163025396473
turned	0,1,6.192333890643384e-05,0.00011090163025396473
twain	1,0,0.00012384667781286768,5.5450815126982364e-05
two	12,9,0.0008050034057836399,0.0005545081512698237
txuenergy	3,0,0.00024769335562573535,5.5450815126982364e-05
tyone	0,1,6.192333890643384e-05,0.00011090163025396473
unable	3,0,0.00024769335562573535,5.5450815126982364e-05
unavoidable	1,0,0.00012384667781286768,5.5450815126982364e-05
unbelievably	0,1,6.192333890643384e-05,0.00011090163025396473
uncomfortable	0,1,6.192333890643384e-05,0.00011090163025396473
underga	1,0,0.00012384667781286768,5.5450815126982364e-05
union	1,0,0.00012384667781286768,5.5450815126982364e-05
unit	6,0,0.00043346337234503684,5.5450815126982364e-05
united	1,2,0.00012384667781286768,0.0001663524453809471
universal	0,1,6.192333890643384e-05,0.00011090163025396473
unknown	0,3,6.192333890643384e-05,0.00022180326050792945
unmanly	0,1,6.192333890643384e-05,0.00011090163025396473
unprofessional	0,1,6.192333890643384e-05,0.00011090163025396473
unsubscribe	0,12,6.192333890643384e-05,0.0007208605966507708
until	10,4,0.0006811567279707721,0.00027725407563491185
up	20,19,0.0013003901170351106,0.0011090163025396474
update	10,1,0.0006811567279707721,0.00011090163025396473
upgraded	0,1,6.192333890643384e-05,0.00011090163025396473
upgrades	0,2,6.192333890643384e-05,0.0001663524453809471
uranium	0,1,6.192333890643384e-05,0.00011090163025396473
urg	2,0,0.0001857700167193015,5.5450815126982364e-05
urgent	2,4,0.0001857700167193015,0.00027725407563491185
us	9,33,0.0006192333890643383,0.0018853277143174004
used	4,5,0.00030961669453216916,0.0003327048907618942
users	6,0,0.00043346337234503684,5.5450815126982364e-05
uses	0,1,6.192333890643384e-05,0.00011090163025396473
using	2,10,0.0001857700167193015,0.0006099589663968061
utilities	14,0,0.0009288500835965075,5.5450815126982364e-05
v	3,4,0.00024769335562573535,0.00027725407563491185
vacation	1,1,0.00012384667781286768,0.00011090163025396473
valuable	1,5,0.00012384667781286768,0.0003327048907618942
value	3,6,0.00024769335562573535,0.0003881557058888766
van	2,0,0.0001857700167193015,5.5450815126982364e-05
vanadium	0,1,6.192333890643384e-05,0.00011090163025396473
variety	0,1,6.192333890643384e-05,0.00011090163025396473
vaughn	3,0,0.00024769335562573535,5.5450815126982364e-05
vault	0,1,6.192333890643384e-05,0.00011090163025396473
vendors	1,0,0.00012384667781286768,5.5450815126982364e-05
verify	0,1,6.192333890643384e-05,0.00011090163025396473
very	8,15,0.0005573100501579045,0.0008872130420317178
vi	0,1,6.192333890643384e-05,0.00011090163025396473
viagra	0,4,6.192333890643384e-05,0.00027725407563491185
vic	0,1,6.192333890643384e-05,0.00011090163025396473
vicodin	0,1,6.192333890643384e-05,0.00011090163025396473
viewer	0,1,6.192333890643384e-05,0.00011090163025396473
vision	0,1,6.192333890643384e-05,0.00011090163025396473
visit	4,18,0.00030961669453216916,0.001053565487412665
visited	0,1,6.192333890643384e-05,0.00011090163025396473
visitor	0,2,6.192333890643384e-05,0.0001663524453809471
visually	0,1,6.192333890643384e-05,0.00011090163025396473
voices	0,1,6.192333890643384e-05,0.00011090163025396473
volatility	4,0,0.00030961669453216916,5.5450815126982364e-05
volume	9,0,0.0006192333890643383,5.5450815126982364e-05
voluntary	1,0,0.00012384667781286768,5.5450815126982364e-05
wallis	1,0,0.00012384667781286768,5.5450815126982364e-05
walton	2,0,0.0001857700167193015,5.5450815126982364e-05
want	3,27,0.00024769335562573535,0.0015526228235555064
wanted	3,1,0.00024769335562573535,0.00011090163025396473
wanting	0,3,6.192333890643384e-05,0.00022180326050792945
ward	0,1,6.192333890643384e-05,0.00011090163025396473
was	19,40,0.0012384667781286766,0.002273483420206277
washington	1,0,0.00012384667781286768,5.5450815126982364e-05
watched	1,0,0.00012384667781286768,5.5450815126982364e-05
water	0,2,6.192333890643384e-05,0.0001663524453809471
way	3,6,0.00024769335562573535,0.0003881557058888766
we	66,67,0.004148863706731067,0.0037706554286348008
weakness	2,2,0.0001857700167193015,0.0001663524453809471
webmaster	0,1,6.192333890643384e-05,0.00011090163025396473
wednesday	5,0,0.000371540033438603,5.5450815126982364e-05
weed	1,0,0.00012384667781286768,5.5450815126982364e-05
weekend	3,0,0.00024769335562573535,5.5450815126982364e-05
weep	0,1,6.192333890643384e-05,0.00011090163025396473
weissman	5,0,0.000371540033438603,5.5450815126982364e-05
welcome	2,0,0.0001857700167193015,5.5450815126982364e-05
well	9,7,0.0006192333890643383,0.0004436065210158589
west	2,3,0.0001857700167193015,0.00022180326050792945
what	18,37,0.001176543439222243,0.00210713097482533
whatsoever	0,2,6.192333890643384e-05,0.0001663524453809471
whiskey	0,1,6.192333890643384e-05,0.00011090163025396473
who	7,14,0.0004953867112514707,0.0008317622269047354
wholesale	12,1,0.0008050034057836399,0.00011090163025396473
whose	1,1,0.00012384667781286768,0.00011090163025396473
wife	0,3,6.192333890643384e-05,0.00022180326050792945
william	1,0,0.00012384667781286768,5.5450815126982364e-05
willie	1,0,0.00012384667781286768,5.5450815126982364e-05
win	0,8,6.192333890643384e-05,0.0004990573361428413
window	0,1,6.192333890643384e-05,0.00011090163025396473
windowsentities	0,1,6.192333890643384e-05,0.00011090163025396473
wisew	1,0,0.00012384667781286768,5.5450815126982364e-05
women	0,2,6.192333890643384e-05,0.0001663524453809471
won	0,4,6.192333890643384e-05,0.00027725407563491185
wonder	0,2,6.192333890643384e-05,0.0001663524453809471
wonderful	1,0,0.00012384667781286768,5.5450815126982364e-05
wondering	0,1,6.192333890643384e-05,0.00011090163025396473
woodwork	0,1,6.192333890643384e-05,0.00011090163025396473
woolgar	0,1,6.192333890643384e-05,0.00011090163025396473
words	0,8,6.192333890643384e-05,0.0004990573361428413
work	20,6,0.0013003901170351106,0.0003881557058888766
worked	1,2,0.00012384667781286768,0.0001663524453809471
working	5,3,0.000371540033438603,0.00022180326050792945
worthless	0,1,6.192333890643384e-05,0.00011090163025396473
wpd	2,0,0.0001857700167193015,5.5450815126982364e-05
writing	1,6,0.00012384667781286768,0.0003881557058888766
written	0,5,6.192333890643384e-05,0.0003327048907618942
xacnax	0,1,6.192333890643384e-05,0.00011090163025396473
xanax	0,1,6.192333890643384e-05,0.00011090163025396473
xeni	0,1,6.192333890643384e-05,0.00011090163025396473
xm	0,1,6.192333890643384e-05,0.00011090163025396473
xp	0,6,6.192333890643384e-05,0.0003881557058888766
yahoo	0,4,6.192333890643384e-05,0.00027725407563491185
year	11,10,0.000743080066877206,0.0006099589663968061
yes	2,1,0.0001857700167193015,0.00011090163025396473
you	80,252,0.005015790451421141,0.01402905622712654
youcan	0,1,6.192333890643384e-05,0.00011090163025396473
young	0,2,6.192333890643384e-05,0.0001663524453809471
your	35,271,0.002229240200631618,0.015082621714539203
yourmembership	0,1,6.192333890643384e-05,0.00011090163025396473
yourself	0,10,6.192333890643384e-05,0.0006099589663968061
yowman	1,0,0.00012384667781286768,5.5450815126982364e-05
zero	3,1,0.00024769335562573535,0.00011090163025396473
zinc	0,1,6.192333890643384e-05,0.00011090163025396473
zk	0,1,6.192333890643384e-05,0.00011090163025396473
zolam	0,1,6.192333890643384e-05,0.00011090163025396473
ClassPriors	47.0,33.0,0.5875,0.4125
able	3,8,0.00024769335562573535,0.0004990573361428413
abn	0,1,6.192333890643384e-05,0.00011090163025396473
about	8,36,0.0005573100501579045,0.0020516801596983476
absolute	0,1,6.192333890643384e-05,0.00011090163025396473
accelerated	0,1,6.192333890643384e-05,0.00011090163025396473
acceptable	0,1,6.192333890643384e-05,0.00011090163025396473
access	2,9,0.0001857700167193015,0.0005545081512698237
accomodate	4,0,0.00030961669453216916,5.5450815126982364e-05
according	1,1,0.00012384667781286768,0.00011090163025396473
account	16,13,0.001052696761409375,0.0007763114117777532
accounting	4,0,0.00030961669453216916,5.5450815126982364e-05
achieve	1,0,0.00012384667781286768,5.5450815126982364e-05
acid	0,1,6.192333890643384e-05,0.00011090163025396473
acquire	1,0,0.00012384667781286768,5.5450815126982364e-05
acquisition	0,1,6.192333890643384e-05,0.00011090163025396473
action	0,1,6.192333890643384e-05,0.00011090163025396473
activists	1,0,0.00012384667781286768,5.5450815126982364e-05
actually	0,1,6.192333890643384e-05,0.00011090163025396473
ad	0,20,6.192333890643384e-05,0.0011644671176666297
additional	11,0,0.000743080066877206,5.5450815126982364e-05
addtional	1,0,0.00012384667781286768,5.5450815126982364e-05
adminder	0,1,6.192333890643384e-05,0.00011090163025396473
adobee	0,1,6.192333890643384e-05,0.00011090163025396473
adr	1,0,0.00012384667781286768,5.5450815126982364e-05
adrianbold	0,1,6.192333890643384e-05,0.00011090163025396473
advance	4,0,0.00030961669453216916,5.5450815126982364e-05
advertised	0,1,6.192333890643384e-05,0.00011090163025396473
advertisement	0,4,6.192333890643384e-05,0.00027725407563491185
advertising	0,6,6.192333890643384e-05,0.0003881557058888766
advice	1,1,0.00012384667781286768,0.00011090163025396473
affect	0,1,6.192333890643384e-05,0.00011090163025396473
africa	0,10,6.192333890643384e-05,0.0006099589663968061
after	3,12,0.00024769335562573535,0.0007208605966507708
again	7,4,0.0004953867112514707,0.00027725407563491185
against	2,1,0.0001857700167193015,0.00011090163025396473
agent	0,1,6.192333890643384e-05,0.00011090163025396473
aggressively	2,1,0.0001857700167193015,0.00011090163025396473
agreements	3,0,0.00024769335562573535,5.5450815126982364e-05
aid	0,1,6.192333890643384e-05,0.00011090163025396473
airs	0,1,6.192333890643384e-05,0.00011090163025396473
albuquerque	2,0,0.0001857700167193015,5.5450815126982364e-05
alertness	0,1,6.192333890643384e-05,0.00011090163025396473
alhaji	0,2,6.192333890643384e-05,0.0001663524453809471
allen	4,1,0.00030961669453216916,0.00011090163025396473
almost	0,2,6.192333890643384e-05,0.0001663524453809471
alone	0,1,6.192333890643384e-05,0.00011090163025396473
also	24,21,0.0015480834726608458,0.0012199179327936121
alternatively	0,1,6.192333890643384e-05,0.00011090163025396473
although	2,1,0.0001857700167193015,0.00011090163025396473
alum	0,1,6.192333890643384e-05,0.00011090163025396473
am	58,14,0.0036534769954795964,0.0008317622269047354
amazed	0,1,6.192333890643384e-05,0.00011090163025396473
ambien	0,1,6.192333890643384e-05,0.00011090163025396473
america	12,1,0.0008050034057836399,0.00011090163025396473
ami	1,0,0.00012384667781286768,5.5450815126982364e-05
among	3,3,0.00024769335562573535,0.00022180326050792945
amortize	4,0,0.00030961669453216916,5.5450815126982364e-05
analyst	1,1,0.00012384667781286768,0.00011090163025396473
angelova	4,0,0.00030961669453216916,5.5450815126982364e-05
angrily	0,1,6.192333890643384e-05,0.00011090163025396473
announcements	2,1,0.0001857700167193015,0.00011090163025396473
anonymizer	0,1,6.192333890643384e-05,0.00011090163025396473
answer	0,5,6.192333890643384e-05,0.0003327048907618942
answered	0,1,6.192333890643384e-05,0.00011090163025396473
answering	0,1,6.192333890643384e-05,0.00011090163025396473
anticipate	1,0,0.00012384667781286768,5.5450815126982364e-05
anyhow	2,0,0.0001857700167193015,5.5450815126982364e-05
anyone	2,1,0.0001857700167193015,0.00011090163025396473
anything	3,7,0.00024769335562573535,0.0004436065210158589
anyway	1,1,0.00012384667781286768,0.00011090163025396473
anz	0,2,6.192333890643384e-05,0.0001663524453809471
apachi	1,0,0.00012384667781286768,5.5450815126982364e-05
apart	0,2,6.192333890643384e-05,0.0001663524453809471
apollo	1,0,0.00012384667781286768,5.5450815126982364e-05
apparently	1,1,0.00012384667781286768,0.00011090163025396473
appearance	1,1,0.00012384667781286768,0.00011090163025396473
appetite	0,2,6.192333890643384e-05,0.0001663524453809471
application	0,4,6.192333890643384e-05,0.00027725407563491185
appreciated	0,1,6.192333890643384e-05,0.00011090163025396473
approval	0,1,6.192333890643384e-05,0.00011090163025396473
aqmd	2,0,0.0001857700167193015,5.5450815126982364e-05
arcy	7,0,0.0004953867112514707,5.5450815126982364e-05
areas	2,0,0.0001857700167193015,5.5450815126982364e-05
aren	0,1,6.192333890643384e-05,0.00011090163025396473
arm	1,0,0.00012384667781286768,5.5450815126982364e-05
armstrong	2,0,0.0001857700167193015,5.5450815126982364e-05
arranged	0,1,6.192333890643384e-05,0.00011090163025396473
arrangement	2,0,0.0001857700167193015,5.5450815126982364e-05
arthur	0,1,6.192333890643384e-05,0.00011090163025396473
article	0,3,6.192333890643384e-05,0.00022180326050792945
as	54,39,0.0034057836398538608,0.002218032605079295
ascii	0,1,6.192333890643384e-05,0.00011090163025396473
aside	0,2,6.192333890643384e-05,0.0001663524453809471
asks	0,1,6.192333890643384e-05,0.00011090163025396473
assay	0,1,6.192333890643384e-05,0.00011090163025396473
assets	11,1,0.000743080066877206,0.00011090163025396473
assistance	2,4,0.0001857700167193015,0.00027725407563491185
assistant	2,0,0.0001857700167193015,5.5450815126982364e-05
associate	1,0,0.00012384667781286768,5.5450815126982364e-05
association	1,0,0.00012384667781286768,5.5450815126982364e-05
assure	3,0,0.00024769335562573535,5.5450815126982364e-05
asthma	0,1,6.192333890643384e-05,0.00011090163025396473
ate	1,2,0.00012384667781286768,0.0001663524453809471
attached	6,0,0.00043346337234503684,5.5450815126982364e-05
attempt	1,0,0.00012384667781286768,5.5450815126982364e-05
attitudinal	0,1,6.192333890643384e-05,0.00011090163025396473
attl	1,0,0.00012384667781286768,5.5450815126982364e-05
attractive	1,1,0.00012384667781286768,0.00011090163025396473
attributable	0,1,6.192333890643384e-05,0.00011090163025396473
audience	2,7,0.0001857700167193015,0.0004436065210158589
audio	0,2,6.192333890643384e-05,0.0001663524453809471
australian	0,3,6.192333890643384e-05,0.00022180326050792945
authenticity	0,1,6.192333890643384e-05,0.00011090163025396473
author	0,2,6.192333890643384e-05,0.0001663524453809471
authority	1,0,0.00012384667781286768,5.5450815126982364e-05
automobile	0,1,6.192333890643384e-05,0.00011090163025396473
available	12,9,0.0008050034057836399,0.0005545081512698237
average	0,3,6.192333890643384e-05,0.00022180326050792945
away	4,5,0.00030961669453216916,0.0003327048907618942
ay	0,1,6.192333890643384e-05,0.00011090163025396473
azepam	0,1,6.192333890643384e-05,0.00011090163025396473
b	13,3,0.0008669267446900737,0.00022180326050792945
bachelors	0,1,6.192333890643384e-05,0.00011090163025396473
back	5,16,0.000371540033438603,0.0009426638571587002
bacon	0,1,6.192333890643384e-05,0.00011090163025396473
bacterial	0,1,6.192333890643384e-05,0.00011090163025396473
bailout	7,0,0.0004953867112514707,5.5450815126982364e-05
balance	0,1,6.192333890643384e-05,0.00011090163025396473
bankruptcy	12,2,0.0008050034057836399,0.0001663524453809471
bargaain	0,1,6.192333890643384e-05,0.00011090163025396473
barney	3,0,0.00024769335562573535,5.5450815126982364e-05
barrier	0,2,6.192333890643384e-05,0.0001663524453809471
barrow	1,0,0.00012384667781286768,5.5450815126982364e-05
basis	1,3,0.00012384667781286768,0.00022180326050792945
baskets	5,0,0.000371540033438603,5.5450815126982364e-05
bawled	0,1,6.192333890643384e-05,0.00011090163025396473
bazzd	0,1,6.192333890643384e-05,0.00011090163025396473
bc	1,0,0.00012384667781286768,5.5450815126982364e-05
bcli	1,0,0.00012384667781286768,5.5450815126982364e-05
beans	0,1,6.192333890643384e-05,0.00011090163025396473
bear	2,1,0.0001857700167193015,0.00011090163025396473
beca	0,1,6.192333890643384e-05,0.00011090163025396473
became	0,4,6.192333890643384e-05,0.00027725407563491185
because	2,12,0.0001857700167193015,0.0007208605966507708
bed	0,1,6.192333890643384e-05,0.00011090163025396473
been	25,8,0.0016100068115672797,0.0004990573361428413
began	2,4,0.0001857700167193015,0.00027725407563491185
begins	0,1,6.192333890643384e-05,0.00011090163025396473
belongs	0,2,6.192333890643384e-05,0.0001663524453809471
benefits	3,8,0.00024769335562573535,0.0004990573361428413
benewm	1,0,0.00012384667781286768,5.5450815126982364e-05
bennett	1,0,0.00012384667781286768,5.5450815126982364e-05
berkovitz	2,0,0.0001857700167193015,5.5450815126982364e-05
bernice	1,0,0.00012384667781286768,5.5450815126982364e-05
bestwaytoshop	0,1,6.192333890643384e-05,0.00011090163025396473
between	2,2,0.0001857700167193015,0.0001663524453809471
beyond	3,0,0.00024769335562573535,5.5450815126982364e-05
bgmlm	0,1,6.192333890643384e-05,0.00011090163025396473
bharat	1,0,0.00012384667781286768,5.5450815126982364e-05
bill	3,2,0.00024769335562573535,0.0001663524453809471
billed	0,2,6.192333890643384e-05,0.0001663524453809471
bjwl	0,1,6.192333890643384e-05,0.00011090163025396473
blainey	0,1,6.192333890643384e-05,0.00011090163025396473
blong	1,0,0.00012384667781286768,5.5450815126982364e-05
blows	1,0,0.00012384667781286768,5.5450815126982364e-05
blues	1,0,0.00012384667781286768,5.5450815126982364e-05
bolnisi	0,1,6.192333890643384e-05,0.00011090163025396473
bond	0,1,6.192333890643384e-05,0.00011090163025396473
bondholders	1,0,0.00012384667781286768,5.5450815126982364e-05
bonnard	1,0,0.00012384667781286768,5.5450815126982364e-05
bonus	0,5,6.192333890643384e-05,0.0003327048907618942
bonuses	0,4,6.192333890643384e-05,0.00027725407563491185
books	0,2,6.192333890643384e-05,0.0001663524453809471
boost	0,1,6.192333890643384e-05,0.00011090163025396473
boots	1,0,0.00012384667781286768,5.5450815126982364e-05
borlan	1,0,0.00012384667781286768,5.5450815126982364e-05
bother	0,1,6.192333890643384e-05,0.00011090163025396473
bound	0,2,6.192333890643384e-05,0.0001663524453809471
box	0,17,6.192333890643384e-05,0.0009981146722856827
boxes	1,0,0.00012384667781286768,5.5450815126982364e-05
br	2,0,0.0001857700167193015,5.5450815126982364e-05
bradford	1,0,0.00012384667781286768,5.5450815126982364e-05
brazil	8,0,0.0005573100501579045,5.5450815126982364e-05
brazilian	4,0,0.00030961669453216916,5.5450815126982364e-05
breakthrough	1,0,0.00012384667781286768,5.5450815126982364e-05
breathe	0,2,6.192333890643384e-05,0.0001663524453809471
brenda	1,0,0.00012384667781286768,5.5450815126982364e-05
brennan	1,0,0.00012384667781286768,5.5450815126982364e-05
brent	1,1,0.00012384667781286768,0.00011090163025396473
brett	3,0,0.00024769335562573535,5.5450815126982364e-05
brian	1,0,0.00012384667781286768,5.5450815126982364e-05
bring	1,0,0.00012384667781286768,5.5450815126982364e-05
brutal	0,1,6.192333890643384e-05,0.00011090163025396473
buka	0,2,6.192333890643384e-05,0.0001663524453809471
bull	0,1,6.192333890643384e-05,0.00011090163025396473
burst	0,1,6.192333890643384e-05,0.00011090163025396473
busines	0,1,6.192333890643384e-05,0.00011090163025396473
button	0,1,6.192333890643384e-05,0.00011090163025396473
bye	0,1,6.192333890643384e-05,0.00011090163025396473
canadian	1,0,0.00012384667781286768,5.5450815126982364e-05
canary	0,1,6.192333890643384e-05,0.00011090163025396473
cancel	0,1,6.192333890643384e-05,0.00011090163025396473
capability	2,0,0.0001857700167193015,5.5450815126982364e-05
capital	3,0,0.00024769335562573535,5.5450815126982364e-05
capitalisation	0,1,6.192333890643384e-05,0.00011090163025396473
card	0,5,6.192333890643384e-05,0.0003327048907618942
cargill	2,0,0.0001857700167193015,5.5450815126982364e-05
carlos	5,0,0.000371540033438603,5.5450815126982364e-05
carry	0,1,6.192333890643384e-05,0.00011090163025396473
cars	0,4,6.192333890643384e-05,0.00027725407563491185
cases	0,2,6.192333890643384e-05,0.0001663524453809471
cashpo	0,2,6.192333890643384e-05,0.0001663524453809471
cashpromotions	0,3,6.192333890643384e-05,0.00022180326050792945
casinos	0,1,6.192333890643384e-05,0.00011090163025396473
catalog	0,3,6.192333890643384e-05,0.00022180326050792945
caused	0,1,6.192333890643384e-05,0.00011090163025396473
causey	5,0,0.000371540033438603,5.5450815126982364e-05
ccprod	0,2,6.192333890643384e-05,0.0001663524453809471
cede	1,0,0.00012384667781286768,5.5450815126982364e-05
celebrate	1,0,0.00012384667781286768,5.5450815126982364e-05
celebration	1,1,0.00012384667781286768,0.00011090163025396473
cell	1,0,0.00012384667781286768,5.5450815126982364e-05
center	3,8,0.00024769335562573535,0.0004990573361428413
certainly	0,2,6.192333890643384e-05,0.0001663524453809471
challenges	1,0,0.00012384667781286768,5.5450815126982364e-05
challenging	1,0,0.00012384667781286768,5.5450815126982364e-05
chances	0,2,6.192333890643384e-05,0.0001663524453809471
change	7,5,0.0004953867112514707,0.0003327048907618942
chapman	2,0,0.0001857700167193015,5.5450815126982364e-05
charlie	1,0,0.00012384667781286768,5.5450815126982364e-05
charset	0,9,6.192333890643384e-05,0.0005545081512698237
chart	1,0,0.00012384667781286768,5.5450815126982364e-05
cheaep	0,1,6.192333890643384e-05,0.00011090163025396473
cheeap	0,1,6.192333890643384e-05,0.00011090163025396473
chill	1,0,0.00012384667781286768,5.5450815126982364e-05
china	0,3,6.192333890643384e-05,0.00022180326050792945
chirano	0,4,6.192333890643384e-05,0.00027725407563491185
choose	0,4,6.192333890643384e-05,0.00027725407563491185
christi	1,0,0.00012384667781286768,5.5450815126982364e-05
christmas	20,0,0.0013003901170351106,5.5450815126982364e-05
cialis	0,2,6.192333890643384e-05,0.0001663524453809471
claiis	0,1,6.192333890643384e-05,0.00011090163025396473
claim	0,2,6.192333890643384e-05,0.0001663524453809471
click	1,31,0.00012384667781286768,0.0017744260840634356
clicking	0,1,6.192333890643384e-05,0.00011090163025396473
cliffhanger	0,2,6.192333890643384e-05,0.0001663524453809471
clips	1,0,0.00012384667781286768,5.5450815126982364e-05
clon	0,1,6.192333890643384e-05,0.00011090163025396473
club	0,1,6.192333890643384e-05,0.00011090163025396473
cobalt	0,1,6.192333890643384e-05,0.00011090163025396473
cochilco	0,1,6.192333890643384e-05,0.00011090163025396473
coe	4,0,0.00030961669453216916,5.5450815126982364e-05
collaborate	2,0,0.0001857700167193015,5.5450815126982364e-05
college	0,3,6.192333890643384e-05,0.00022180326050792945
colliw	1,0,0.00012384667781286768,5.5450815126982364e-05
comhttp	0,1,6.192333890643384e-05,0.00011090163025396473
commence	1,0,0.00012384667781286768,5.5450815126982364e-05
commercial	16,2,0.001052696761409375,0.0001663524453809471
commodities	0,1,6.192333890643384e-05,0.00011090163025396473
companies	2,3,0.0001857700167193015,0.00022180326050792945
compare	0,5,6.192333890643384e-05,0.0003327048907618942
competitive	0,1,6.192333890643384e-05,0.00011090163025396473
complete	0,3,6.192333890643384e-05,0.00022180326050792945
completion	3,0,0.00024769335562573535,5.5450815126982364e-05
complicated	0,1,6.192333890643384e-05,0.00011090163025396473
complimentary	0,1,6.192333890643384e-05,0.00011090163025396473
components	0,1,6.192333890643384e-05,0.00011090163025396473
concealed	0,2,6.192333890643384e-05,0.0001663524453809471
conduct	2,0,0.0001857700167193015,5.5450815126982364e-05
conductor	0,1,6.192333890643384e-05,0.00011090163025396473
configuration	0,1,6.192333890643384e-05,0.00011090163025396473
confirmation	1,1,0.00012384667781286768,0.00011090163025396473
connective	0,1,6.192333890643384e-05,0.00011090163025396473
consciously	0,1,6.192333890643384e-05,0.00011090163025396473
constantly	0,1,6.192333890643384e-05,0.00011090163025396473
consternation	0,1,6.192333890643384e-05,0.00011090163025396473
contacts	1,0,0.00012384667781286768,5.5450815126982364e-05
contains	0,3,6.192333890643384e-05,0.00022180326050792945
continue	10,4,0.0006811567279707721,0.00027725407563491185
contracts	11,1,0.000743080066877206,0.00011090163025396473
controls	4,0,0.00030961669453216916,5.5450815126982364e-05
cook	3,0,0.00024769335562573535,5.5450815126982364e-05
cooler	1,0,0.00012384667781286768,5.5450815126982364e-05
cooperation	3,0,0.00024769335562573535,5.5450815126982364e-05
coordinate	4,0,0.00030961669453216916,5.5450815126982364e-05
coordination	2,0,0.0001857700167193015,5.5450815126982364e-05
copy	0,12,6.192333890643384e-05,0.0007208605966507708
copying	1,0,0.00012384667781286768,5.5450815126982364e-05
corel	0,4,6.192333890643384e-05,0.00027725407563491185
counterparty	2,0,0.0001857700167193015,5.5450815126982364e-05
country	4,10,0.00030961669453216916,0.0006099589663968061
court	3,0,0.00024769335562573535,5.5450815126982364e-05
cpm	0,4,6.192333890643384e-05,0.00027725407563491185
craig	1,0,0.00012384667781286768,5.5450815126982364e-05
crank	1,0,0.00012384667781286768,5.5450815126982364e-05
cre	0,1,6.192333890643384e-05,0.00011090163025396473
created	4,1,0.00030961669453216916,0.00011090163025396473
creates	0,2,6.192333890643384e-05,0.0001663524453809471
creating	0,2,6.192333890643384e-05,0.0001663524453809471
credibility	0,1,6.192333890643384e-05,0.00011090163025396473
credit	4,13,0.00030961669453216916,0.0007763114117777532
creditor	1,0,0.00012384667781286768,5.5450815126982364e-05
crespigny	0,2,6.192333890643384e-05,0.0001663524453809471
crest	0,1,6.192333890643384e-05,0.00011090163025396473
crooked	0,1,6.192333890643384e-05,0.00011090163025396473
cross	3,0,0.00024769335562573535,5.5450815126982364e-05
crystal	0,2,6.192333890643384e-05,0.0001663524453809471
ctise	1,0,0.00012384667781286768,5.5450815126982364e-05
cure	0,1,6.192333890643384e-05,0.00011090163025396473
cushion	0,1,6.192333890643384e-05,0.00011090163025396473
customizable	0,1,6.192333890643384e-05,0.00011090163025396473
cyberopps	0,1,6.192333890643384e-05,0.00011090163025396473
cynthia	1,0,0.00012384667781286768,5.5450815126982364e-05
damages	0,1,6.192333890643384e-05,0.00011090163025396473
damned	0,1,6.192333890643384e-05,0.00011090163025396473
damorganjr	0,1,6.192333890643384e-05,0.00011090163025396473
dana	1,0,0.00012384667781286768,5.5450815126982364e-05
dangerous	0,1,6.192333890643384e-05,0.00011090163025396473
danielle	0,2,6.192333890643384e-05,0.0001663524453809471
database	1,0,0.00012384667781286768,5.5450815126982364e-05
dave	6,0,0.00043346337234503684,5.5450815126982364e-05
davidyi	1,0,0.00012384667781286768,5.5450815126982364e-05
daytime	0,2,6.192333890643384e-05,0.0001663524453809471
deals	3,0,0.00024769335562573535,5.5450815126982364e-05
death	0,3,6.192333890643384e-05,0.00022180326050792945
debts	3,0,0.00024769335562573535,5.5450815126982364e-05
deeper	0,1,6.192333890643384e-05,0.00011090163025396473
defeat	1,0,0.00012384667781286768,5.5450815126982364e-05
defined	0,1,6.192333890643384e-05,0.00011090163025396473
delayed	2,0,0.0001857700167193015,5.5450815126982364e-05
demand	2,0,0.0001857700167193015,5.5450815126982364e-05
democrats	3,0,0.00024769335562573535,5.5450815126982364e-05
demonstrate	2,0,0.0001857700167193015,5.5450815126982364e-05
denied	1,0,0.00012384667781286768,5.5450815126982364e-05
dennis	1,2,0.00012384667781286768,0.0001663524453809471
derivatives	2,0,0.0001857700167193015,5.5450815126982364e-05
desert	0,1,6.192333890643384e-05,0.00011090163025396473
designs	0,4,6.192333890643384e-05,0.00027725407563491185
despise	0,1,6.192333890643384e-05,0.00011090163025396473
detract	0,1,6.192333890643384e-05,0.00011090163025396473
development	14,1,0.0009288500835965075,0.00011090163025396473
dial	1,1,0.00012384667781286768,0.00011090163025396473
dicine	0,1,6.192333890643384e-05,0.00011090163025396473
dictate	0,1,6.192333890643384e-05,0.00011090163025396473
did	4,4,0.00030961669453216916,0.00027725407563491185
digital	0,1,6.192333890643384e-05,0.00011090163025396473
digression	0,1,6.192333890643384e-05,0.00011090163025396473
diligence	0,1,6.192333890643384e-05,0.00011090163025396473
direct	2,0,0.0001857700167193015,5.5450815126982364e-05
directed	0,1,6.192333890643384e-05,0.00011090163025396473
directing	1,0,0.00012384667781286768,5.5450815126982364e-05
directions	1,1,0.00012384667781286768,0.00011090163025396473
director	2,2,0.0001857700167193015,0.0001663524453809471
dirtier	1,0,0.00012384667781286768,5.5450815126982364e-05
discounnt	0,1,6.192333890643384e-05,0.00011090163025396473
discover	0,2,6.192333890643384e-05,0.0001663524453809471
discretion	1,0,0.00012384667781286768,5.5450815126982364e-05
disease	0,1,6.192333890643384e-05,0.00011090163025396473
dismissed	1,0,0.00012384667781286768,5.5450815126982364e-05
disordersclump	0,1,6.192333890643384e-05,0.00011090163025396473
displayed	0,1,6.192333890643384e-05,0.00011090163025396473
distributed	1,0,0.00012384667781286768,5.5450815126982364e-05
distributions	2,0,0.0001857700167193015,5.5450815126982364e-05
ditch	1,0,0.00012384667781286768,5.5450815126982364e-05
division	1,0,0.00012384667781286768,5.5450815126982364e-05
dnb	1,0,0.00012384667781286768,5.5450815126982364e-05
documenting	2,0,0.0001857700167193015,5.5450815126982364e-05
dog	1,0,0.00012384667781286768,5.5450815126982364e-05
dollar	0,1,6.192333890643384e-05,0.00011090163025396473
dolls	0,1,6.192333890643384e-05,0.00011090163025396473
domain	2,1,0.0001857700167193015,0.00011090163025396473
done	6,0,0.00043346337234503684,5.5450815126982364e-05
dont	0,1,6.192333890643384e-05,0.00011090163025396473
double	0,1,6.192333890643384e-05,0.00011090163025396473
doubt	0,3,6.192333890643384e-05,0.00022180326050792945
doug	1,0,0.00012384667781286768,5.5450815126982364e-05
down	1,8,0.00012384667781286768,0.0004990573361428413
dozens	0,1,6.192333890643384e-05,0.00011090163025396473
dreamwaver	0,2,6.192333890643384e-05,0.0001663524453809471
drew	2,0,0.0001857700167193015,5.5450815126982364e-05
drinking	0,2,6.192333890643384e-05,0.0001663524453809471
drives	1,0,0.00012384667781286768,5.5450815126982364e-05
dronn	1,0,0.00012384667781286768,5.5450815126982364e-05
drown	0,1,6.192333890643384e-05,0.00011090163025396473
drowning	0,1,6.192333890643384e-05,0.00011090163025396473
dryblower	0,1,6.192333890643384e-05,0.00011090163025396473
duke	3,0,0.00024769335562573535,5.5450815126982364e-05
dynegy	10,0,0.0006811567279707721,5.5450815126982364e-05
e	19,35,0.0012384667781286766,0.0019962293445713653
each	14,8,0.0009288500835965075,0.0004990573361428413
earlier	0,2,6.192333890643384e-05,0.0001663524453809471
earn	0,6,6.192333890643384e-05,0.0003881557058888766
earning	0,1,6.192333890643384e-05,0.00011090163025396473
earths	0,1,6.192333890643384e-05,0.00011090163025396473
easily	0,4,6.192333890643384e-05,0.00027725407563491185
easy	0,12,6.192333890643384e-05,0.0007208605966507708
eat	1,0,0.00012384667781286768,5.5450815126982364e-05
eatables	0,1,6.192333890643384e-05,0.00011090163025396473
eating	0,2,6.192333890643384e-05,0.0001663524453809471
ebs	1,0,0.00012384667781286768,5.5450815126982364e-05
economic	0,2,6.192333890643384e-05,0.0001663524453809471
edit	0,9,6.192333890643384e-05,0.0005545081512698237
editor	0,1,6.192333890643384e-05,0.00011090163025396473
edt	0,2,6.192333890643384e-05,0.0001663524453809471
ees	10,0,0.0006811567279707721,5.5450815126982364e-05
efforts	2,0,0.0001857700167193015,5.5450815126982364e-05
eiben	1,0,0.00012384667781286768,5.5450815126982364e-05
eighty	0,1,6.192333890643384e-05,0.00011090163025396473
eileen	1,0,0.00012384667781286768,5.5450815126982364e-05
either	7,2,0.0004953867112514707,0.0001663524453809471
el	2,0,0.0001857700167193015,5.5450815126982364e-05
election	1,0,0.00012384667781286768,5.5450815126982364e-05
eliminates	0,1,6.192333890643384e-05,0.00011090163025396473
eliminationstop	0,1,6.192333890643384e-05,0.00011090163025396473
ello	0,1,6.192333890643384e-05,0.00011090163025396473
else	0,1,6.192333890643384e-05,0.00011090163025396473
eminent	2,0,0.0001857700167193015,5.5450815126982364e-05
emotional	0,1,6.192333890643384e-05,0.00011090163025396473
emphatically	0,1,6.192333890643384e-05,0.00011090163025396473
employed	2,0,0.0001857700167193015,5.5450815126982364e-05
empowered	1,0,0.00012384667781286768,5.5450815126982364e-05
ena	8,0,0.0005573100501579045,5.5450815126982364e-05
encarta	0,1,6.192333890643384e-05,0.00011090163025396473
encoding	0,2,6.192333890643384e-05,0.0001663524453809471
encounters	0,1,6.192333890643384e-05,0.00011090163025396473
encourage	4,0,0.00030961669453216916,5.5450815126982364e-05
end	9,7,0.0006192333890643383,0.0004436065210158589
ending	1,1,0.00012384667781286768,0.00011090163025396473
energetic	1,0,0.00012384667781286768,5.5450815126982364e-05
energy	37,2,0.002353086878444486,0.0001663524453809471
eng	0,1,6.192333890643384e-05,0.00011090163025396473
engageenergy	1,0,0.00012384667781286768,5.5450815126982364e-05
engineering	2,0,0.0001857700167193015,5.5450815126982364e-05
enhance	2,0,0.0001857700167193015,5.5450815126982364e-05
enter	0,5,6.192333890643384e-05,0.0003327048907618942
entered	3,3,0.00024769335562573535,0.00022180326050792945
entex	14,0,0.0009288500835965075,5.5450815126982364e-05
entire	0,2,6.192333890643384e-05,0.0001663524453809471
environment	0,2,6.192333890643384e-05,0.0001663524453809471
eo	0,1,6.192333890643384e-05,0.00011090163025396473
epam	0,1,6.192333890643384e-05,0.00011090163025396473
epenergy	5,0,0.000371540033438603,5.5450815126982364e-05
er	0,2,6.192333890643384e-05,0.0001663524453809471
erroneously	1,0,0.00012384667781286768,5.5450815126982364e-05
error	2,5,0.0001857700167193015,0.0003327048907618942
especially	2,1,0.0001857700167193015,0.00011090163025396473
est	1,0,0.00012384667781286768,5.5450815126982364e-05
establish	2,3,0.0001857700167193015,0.00022180326050792945
established	1,1,0.00012384667781286768,0.00011090163025396473
establishes	0,1,6.192333890643384e-05,0.00011090163025396473
establishthe	0,1,6.192333890643384e-05,0.00011090163025396473
estimate	1,1,0.00012384667781286768,0.00011090163025396473
etacitne	0,1,6.192333890643384e-05,0.00011090163025396473
europe	0,1,6.192333890643384e-05,0.00011090163025396473
eventually	0,2,6.192333890643384e-05,0.0001663524453809471
ever	0,2,6.192333890643384e-05,0.0001663524453809471
exact	1,1,0.00012384667781286768,0.00011090163025396473
examination	1,0,0.00012384667781286768,5.5450815126982364e-05
examine	0,2,6.192333890643384e-05,0.0001663524453809471
examples	1,0,0.00012384667781286768,5.5450815126982364e-05
excerpts	0,1,6.192333890643384e-05,0.00011090163025396473
exchanges	1,0,0.00012384667781286768,5.5450815126982364e-05
exchanging	1,0,0.00012384667781286768,5.5450815126982364e-05
execute	1,0,0.00012384667781286768,5.5450815126982364e-05
execution	1,0,0.00012384667781286768,5.5450815126982364e-05
exemptions	2,0,0.0001857700167193015,5.5450815126982364e-05
exhausted	0,1,6.192333890643384e-05,0.00011090163025396473
exhibit	1,3,0.00012384667781286768,0.00022180326050792945
existing	3,2,0.00024769335562573535,0.0001663524453809471
expects	3,0,0.00024769335562573535,5.5450815126982364e-05
expended	1,0,0.00012384667781286768,5.5450815126982364e-05
expenses	1,2,0.00012384667781286768,0.0001663524453809471
experience	14,2,0.0009288500835965075,0.0001663524453809471
expire	1,0,0.00012384667781286768,5.5450815126982364e-05
exploration	0,2,6.192333890643384e-05,0.0001663524453809471
explorer	0,3,6.192333890643384e-05,0.00022180326050792945
expressway	0,1,6.192333890643384e-05,0.00011090163025396473
extension	1,0,0.00012384667781286768,5.5450815126982364e-05
extra	2,3,0.0001857700167193015,0.00022180326050792945
eye	0,1,6.192333890643384e-05,0.00011090163025396473
ezine	0,4,6.192333890643384e-05,0.00027725407563491185
facelift	0,1,6.192333890643384e-05,0.00011090163025396473
facilitate	3,0,0.00024769335562573535,5.5450815126982364e-05
faded	0,1,6.192333890643384e-05,0.00011090163025396473
fainted	0,1,6.192333890643384e-05,0.00011090163025396473
families	0,2,6.192333890643384e-05,0.0001663524453809471
farm	1,0,0.00012384667781286768,5.5450815126982364e-05
fathers	0,1,6.192333890643384e-05,0.00011090163025396473
favor	0,1,6.192333890643384e-05,0.00011090163025396473
fe	0,1,6.192333890643384e-05,0.00011090163025396473
featured	0,2,6.192333890643384e-05,0.0001663524453809471
features	1,5,0.00012384667781286768,0.0003327048907618942
feelings	0,1,6.192333890643384e-05,0.00011090163025396473
fees	0,1,6.192333890643384e-05,0.00011090163025396473
felipe	1,0,0.00012384667781286768,5.5450815126982364e-05
fell	0,2,6.192333890643384e-05,0.0001663524453809471
fh	2,0,0.0001857700167193015,5.5450815126982364e-05
fifteen	0,1,6.192333890643384e-05,0.00011090163025396473
fight	0,1,6.192333890643384e-05,0.00011090163025396473
file	3,1,0.00024769335562573535,0.00011090163025396473
financing	2,2,0.0001857700167193015,0.0001663524453809471
finger	0,1,6.192333890643384e-05,0.00011090163025396473
finished	1,4,0.00012384667781286768,0.00027725407563491185
finishing	0,1,6.192333890643384e-05,0.00011090163025396473
fischer	1,0,0.00012384667781286768,5.5450815126982364e-05
fit	0,1,6.192333890643384e-05,0.00011090163025396473
flight	1,0,0.00012384667781286768,5.5450815126982364e-05
fln	0,1,6.192333890643384e-05,0.00011090163025396473
floe	0,1,6.192333890643384e-05,0.00011090163025396473
floods	0,1,6.192333890643384e-05,0.00011090163025396473
flow	7,1,0.0004953867112514707,0.00011090163025396473
follow	0,5,6.192333890643384e-05,0.0003327048907618942
followed	0,2,6.192333890643384e-05,0.0001663524453809471
following	13,7,0.0008669267446900737,0.0004436065210158589
fonts	0,2,6.192333890643384e-05,0.0001663524453809471
foot	1,1,0.00012384667781286768,0.00011090163025396473
force	1,3,0.00012384667781286768,0.00022180326050792945
forest	1,0,0.00012384667781286768,5.5450815126982364e-05
forever	0,2,6.192333890643384e-05,0.0001663524453809471
forget	0,1,6.192333890643384e-05,0.00011090163025396473
forhome	0,1,6.192333890643384e-05,0.00011090163025396473
fork	0,2,6.192333890643384e-05,0.0001663524453809471
formal	1,0,0.00012384667781286768,5.5450815126982364e-05
forms	0,1,6.192333890643384e-05,0.00011090163025396473
formula	2,0,0.0001857700167193015,5.5450815126982364e-05
fort	1,0,0.00012384667781286768,5.5450815126982364e-05
forthis	0,1,6.192333890643384e-05,0.00011090163025396473
founder	0,1,6.192333890643384e-05,0.00011090163025396473
fraction	0,3,6.192333890643384e-05,0.00022180326050792945
frames	0,1,6.192333890643384e-05,0.00011090163025396473
frank	1,0,0.00012384667781286768,5.5450815126982364e-05
fraud	0,1,6.192333890643384e-05,0.00011090163025396473
freebie	0,2,6.192333890643384e-05,0.0001663524453809471
freepicklotto	0,1,6.192333890643384e-05,0.00011090163025396473
freeze	3,0,0.00024769335562573535,5.5450815126982364e-05
frequently	0,1,6.192333890643384e-05,0.00011090163025396473
friend	0,1,6.192333890643384e-05,0.00011090163025396473
fronts	1,0,0.00012384667781286768,5.5450815126982364e-05
fruit	0,1,6.192333890643384e-05,0.00011090163025396473
frustration	1,0,0.00012384667781286768,5.5450815126982364e-05
ft	0,2,6.192333890643384e-05,0.0001663524453809471
fuel	0,1,6.192333890643384e-05,0.00011090163025396473
fun	3,2,0.00024769335562573535,0.0001663524453809471
fw	0,2,6.192333890643384e-05,0.0001663524453809471
game	4,0,0.00030961669453216916,5.5450815126982364e-05
gee	1,0,0.00012384667781286768,5.5450815126982364e-05
gemstone	0,1,6.192333890643384e-05,0.00011090163025396473
general	1,3,0.00012384667781286768,0.00022180326050792945
generalist	1,0,0.00012384667781286768,5.5450815126982364e-05
generators	1,0,0.00012384667781286768,5.5450815126982364e-05
geographic	3,0,0.00024769335562573535,5.5450815126982364e-05
geomatics	0,1,6.192333890643384e-05,0.00011090163025396473
georgia	0,1,6.192333890643384e-05,0.00011090163025396473
get	22,32,0.0014242367948479782,0.0018298768991904181
getthe	0,1,6.192333890643384e-05,0.00011090163025396473
ghz	0,1,6.192333890643384e-05,0.00011090163025396473
gis	2,0,0.0001857700167193015,5.5450815126982364e-05
glen	1,0,0.00012384667781286768,5.5450815126982364e-05
globe	2,0,0.0001857700167193015,5.5450815126982364e-05
goage	0,1,6.192333890643384e-05,0.00011090163025396473
goal	0,1,6.192333890643384e-05,0.00011090163025396473
goatee	0,1,6.192333890643384e-05,0.00011090163025396473
god	0,2,6.192333890643384e-05,0.0001663524453809471
gold	0,13,6.192333890643384e-05,0.0007763114117777532
golnaraghi	1,0,0.00012384667781286768,5.5450815126982364e-05
gone	1,1,0.00012384667781286768,0.00011090163025396473
good	10,13,0.0006811567279707721,0.0007763114117777532
goodmorning	2,0,0.0001857700167193015,5.5450815126982364e-05
gov	1,0,0.00012384667781286768,5.5450815126982364e-05
gra	0,2,6.192333890643384e-05,0.0001663524453809471
grabs	0,1,6.192333890643384e-05,0.00011090163025396473
grade	0,2,6.192333890643384e-05,0.0001663524453809471
gradually	1,0,0.00012384667781286768,5.5450815126982364e-05
grammar	0,1,6.192333890643384e-05,0.00011090163025396473
grand	0,1,6.192333890643384e-05,0.00011090163025396473
gratis	0,1,6.192333890643384e-05,0.00011090163025396473
gravel	0,1,6.192333890643384e-05,0.00011090163025396473
greatest	0,1,6.192333890643384e-05,0.00011090163025396473
greetings	0,1,6.192333890643384e-05,0.00011090163025396473
gregory	0,1,6.192333890643384e-05,0.00011090163025396473
group	18,1,0.001176543439222243,0.00011090163025396473
gs	1,0,0.00012384667781286768,5.5450815126982364e-05
gssgeomatics	0,1,6.192333890643384e-05,0.00011090163025396473
guarantee	0,5,6.192333890643384e-05,0.0003327048907618942
guess	1,0,0.00012384667781286768,5.5450815126982364e-05
guides	0,1,6.192333890643384e-05,0.00011090163025396473
gunners	0,1,6.192333890643384e-05,0.00011090163025396473
guy	1,1,0.00012384667781286768,0.00011090163025396473
h	2,5,0.0001857700167193015,0.0003327048907618942
harbour	1,0,0.00012384667781286768,5.5450815126982364e-05
hardly	0,2,6.192333890643384e-05,0.0001663524453809471
hc	2,0,0.0001857700167193015,5.5450815126982364e-05
headache	0,1,6.192333890643384e-05,0.00011090163025396473
headachesmerle	0,1,6.192333890643384e-05,0.00011090163025396473
headlines	0,4,6.192333890643384e-05,0.00027725407563491185
heal	1,0,0.00012384667781286768,5.5450815126982364e-05
healing	0,1,6.192333890643384e-05,0.00011090163025396473
hear	1,1,0.00012384667781286768,0.00011090163025396473
hearers	0,1,6.192333890643384e-05,0.00011090163025396473
held	5,0,0.000371540033438603,5.5450815126982364e-05
help	4,11,0.00030961669453216916,0.0006654097815237884
helpdesk	1,1,0.00012384667781286768,0.00011090163025396473
helped	0,1,6.192333890643384e-05,0.00011090163025396473
helpful	2,0,0.0001857700167193015,5.5450815126982364e-05
helping	0,2,6.192333890643384e-05,0.0001663524453809471
herod	1,0,0.00012384667781286768,5.5450815126982364e-05
hey	1,1,0.00012384667781286768,0.00011090163025396473
hgh	0,5,6.192333890643384e-05,0.0003327048907618942
hi	1,0,0.00012384667781286768,5.5450815126982364e-05
high	5,5,0.000371540033438603,0.0003327048907618942
hje	0,1,6.192333890643384e-05,0.00011090163025396473
ho	3,0,0.00024769335562573535,5.5450815126982364e-05
holiday	2,0,0.0001857700167193015,5.5450815126982364e-05
home	0,18,6.192333890643384e-05,0.001053565487412665
hope	3,2,0.00024769335562573535,0.0001663524453809471
hopkins	0,1,6.192333890643384e-05,0.00011090163025396473
horror	0,1,6.192333890643384e-05,0.00011090163025396473
host	0,1,6.192333890643384e-05,0.00011090163025396473
hosted	1,0,0.00012384667781286768,5.5450815126982364e-05
hottest	0,1,6.192333890643384e-05,0.00011090163025396473
hou	203,0,0.012632361136912502,5.5450815126982364e-05
hour	0,1,6.192333890643384e-05,0.00011090163025396473
house	1,0,0.00012384667781286768,5.5450815126982364e-05
hr	14,0,0.0009288500835965075,5.5450815126982364e-05
htm	1,0,0.00012384667781286768,5.5450815126982364e-05
html	0,8,6.192333890643384e-05,0.0004990573361428413
hubs	3,0,0.00024769335562573535,5.5450815126982364e-05
hulmeville	0,1,6.192333890643384e-05,0.00011090163025396473
hunter	0,2,6.192333890643384e-05,0.0001663524453809471
hurrah	0,1,6.192333890643384e-05,0.00011090163025396473
huse	1,0,0.00012384667781286768,5.5450815126982364e-05
iccenergy	1,0,0.00012384667781286768,5.5450815126982364e-05
icon	0,1,6.192333890643384e-05,0.00011090163025396473
ideas	3,3,0.00024769335562573535,0.00022180326050792945
identify	2,0,0.0001857700167193015,5.5450815126982364e-05
idirect	0,1,6.192333890643384e-05,0.00011090163025396473
ids	1,0,0.00012384667781286768,5.5450815126982364e-05
ihf	0,1,6.192333890643384e-05,0.00011090163025396473
illustrate	0,2,6.192333890643384e-05,0.0001663524453809471
illustration	0,1,6.192333890643384e-05,0.00011090163025396473
image	0,9,6.192333890643384e-05,0.0005545081512698237
imitate	0,1,6.192333890643384e-05,0.00011090163025396473
immediately	3,16,0.00024769335562573535,0.0009426638571587002
impact	3,0,0.00024769335562573535,5.5450815126982364e-05
impacted	1,0,0.00012384667781286768,5.5450815126982364e-05
imperial	2,0,0.0001857700167193015,5.5450815126982364e-05
implement	1,0,0.00012384667781286768,5.5450815126982364e-05
implementing	1,0,0.00012384667781286768,5.5450815126982364e-05
impossible	0,1,6.192333890643384e-05,0.00011090163025396473
impression	0,1,6.192333890643384e-05,0.00011090163025396473
improve	0,1,6.192333890643384e-05,0.00011090163025396473
impulse	0,1,6.192333890643384e-05,0.00011090163025396473
in	160,157,0.009969657563935847,0.008761228790063214
inappropriate	0,1,6.192333890643384e-05,0.00011090163025396473
inc	9,1,0.0006192333890643383,0.00011090163025396473
include	3,9,0.00024769335562573535,0.0005545081512698237
income	0,2,6.192333890643384e-05,0.0001663524453809471
increase	3,4,0.00024769335562573535,0.00027725407563491185
incredibily	0,1,6.192333890643384e-05,0.00011090163025396473
incurred	0,2,6.192333890643384e-05,0.0001663524453809471
indication	1,0,0.00012384667781286768,5.5450815126982364e-05
individualized	2,0,0.0001857700167193015,5.5450815126982364e-05
influence	1,1,0.00012384667781286768,0.00011090163025396473
info	3,5,0.00024769335562573535,0.0003327048907618942
information	20,35,0.0013003901170351106,0.0019962293445713653
initial	4,0,0.00030961669453216916,5.5450815126982364e-05
innovative	2,0,0.0001857700167193015,5.5450815126982364e-05
input	5,1,0.000371540033438603,0.00011090163025396473
insane	0,1,6.192333890643384e-05,0.00011090163025396473
instantly	0,2,6.192333890643384e-05,0.0001663524453809471
instructs	0,1,6.192333890643384e-05,0.00011090163025396473
insurance	0,5,6.192333890643384e-05,0.0003327048907618942
insure	5,0,0.000371540033438603,5.5450815126982364e-05
intelt	0,1,6.192333890643384e-05,0.00011090163025396473
intense	1,0,0.00012384667781286768,5.5450815126982364e-05
intercreditor	1,0,0.00012384667781286768,5.5450815126982364e-05
interest	2,7,0.0001857700167193015,0.0004436065210158589
interested	1,7,0.00012384667781286768,0.0004436065210158589
interesting	0,1,6.192333890643384e-05,0.00011090163025396473
interfering	0,1,6.192333890643384e-05,0.00011090163025396473
international	1,2,0.00012384667781286768,0.0001663524453809471
interstate	1,0,0.00012384667781286768,5.5450815126982364e-05
intervened	0,2,6.192333890643384e-05,0.0001663524453809471
intra	1,0,0.00012384667781286768,5.5450815126982364e-05
intranet	3,0,0.00024769335562573535,5.5450815126982364e-05
introduced	3,0,0.00024769335562573535,5.5450815126982364e-05
introducing	0,1,6.192333890643384e-05,0.00011090163025396473
invest	0,2,6.192333890643384e-05,0.0001663524453809471
investor	1,0,0.00012384667781286768,5.5450815126982364e-05
ion	0,1,6.192333890643384e-05,0.00011090163025396473
ipos	0,1,6.192333890643384e-05,0.00011090163025396473
ipp	1,0,0.00012384667781286768,5.5450815126982364e-05
iron	0,1,6.192333890643384e-05,0.00011090163025396473
island	2,0,0.0001857700167193015,5.5450815126982364e-05
isp	0,7,6.192333890643384e-05,0.0004436065210158589
issued	1,1,0.00012384667781286768,0.00011090163025396473
issues	18,1,0.001176543439222243,0.00011090163025396473
it	30,119,0.0019196235060994489,0.006654097815237884
item	0,3,6.192333890643384e-05,0.00022180326050792945
itself	1,2,0.00012384667781286768,0.0001663524453809471
ja	1,0,0.00012384667781286768,5.5450815126982364e-05
jana	0,3,6.192333890643384e-05,0.00022180326050792945
janet	1,0,0.00012384667781286768,5.5450815126982364e-05
jason	5,0,0.000371540033438603,5.5450815126982364e-05
jauregui	1,0,0.00012384667781286768,5.5450815126982364e-05
jim	1,2,0.00012384667781286768,0.0001663524453809471
jlopes	1,0,0.00012384667781286768,5.5450815126982364e-05
jm	0,4,6.192333890643384e-05,0.00027725407563491185
joao	2,0,0.0001857700167193015,5.5450815126982364e-05
johannesburg	0,2,6.192333890643384e-05,0.0001663524453809471
john	16,0,0.001052696761409375,5.5450815126982364e-05
johnny	0,2,6.192333890643384e-05,0.0001663524453809471
josey	3,0,0.00024769335562573535,5.5450815126982364e-05
jpxdltmuk	0,1,6.192333890643384e-05,0.00011090163025396473
jshorter	1,0,0.00012384667781286768,5.5450815126982364e-05
judgments	0,1,6.192333890643384e-05,0.00011090163025396473
july	1,0,0.00012384667781286768,5.5450815126982364e-05
june	7,4,0.0004953867112514707,0.00027725407563491185
junk	0,2,6.192333890643384e-05,0.0001663524453809471
justperform	0,1,6.192333890643384e-05,0.00011090163025396473
k	0,3,6.192333890643384e-05,0.00022180326050792945
kaolin	0,1,6.192333890643384e-05,0.00011090163025396473
katamail	0,1,6.192333890643384e-05,0.00011090163025396473
kelly	1,0,0.00012384667781286768,5.5450815126982364e-05
key	7,0,0.0004953867112514707,5.5450815126982364e-05
kfbtyra	0,1,6.192333890643384e-05,0.00011090163025396473
killed	0,2,6.192333890643384e-05,0.0001663524453809471
kimberly	4,0,0.00030961669453216916,5.5450815126982364e-05
kind	2,3,0.0001857700167193015,0.00022180326050792945
king	5,0,0.000371540033438603,5.5450815126982364e-05
kish	1,0,0.00012384667781286768,5.5450815126982364e-05
knelt	0,1,6.192333890643384e-05,0.00011090163025396473
knew	1,2,0.00012384667781286768,0.0001663524453809471
knives	0,1,6.192333890643384e-05,0.00011090163025396473
known	0,2,6.192333890643384e-05,0.0001663524453809471
korea	0,1,6.192333890643384e-05,0.00011090163025396473
kri	1,0,0.00012384667781286768,5.5450815126982364e-05
krill	1,0,0.00012384667781286768,5.5450815126982364e-05
krishna	1,0,0.00012384667781286768,5.5450815126982364e-05
kyle	1,0,0.00012384667781286768,5.5450815126982364e-05
label	2,0,0.0001857700167193015,5.5450815126982364e-05
language	0,3,6.192333890643384e-05,0.00022180326050792945
larry	1,0,0.00012384667781286768,5.5450815126982364e-05
lasts	0,1,6.192333890643384e-05,0.00011090163025396473
late	3,2,0.00024769335562573535,0.0001663524453809471
later	6,3,0.00043346337234503684,0.00022180326050792945
latin	1,0,0.00012384667781286768,5.5450815126982364e-05
launch	0,2,6.192333890643384e-05,0.0001663524453809471
lavorato	4,0,0.00030961669453216916,5.5450815126982364e-05
lawn	1,2,0.00012384667781286768,0.0001663524453809471
layouts	0,1,6.192333890643384e-05,0.00011090163025396473
leads	0,5,6.192333890643384e-05,0.0003327048907618942
learn	3,1,0.00024769335562573535,0.00011090163025396473
learned	0,2,6.192333890643384e-05,0.0001663524453809471
learning	2,1,0.0001857700167193015,0.00011090163025396473
lets	0,1,6.192333890643384e-05,0.00011090163025396473
letter	0,27,6.192333890643384e-05,0.0015526228235555064
level	2,2,0.0001857700167193015,0.0001663524453809471
licensing	0,1,6.192333890643384e-05,0.00011090163025396473
life	1,10,0.00012384667781286768,0.0006099589663968061
lift	1,0,0.00012384667781286768,5.5450815126982364e-05
lifted	0,1,6.192333890643384e-05,0.00011090163025396473
liked	0,1,6.192333890643384e-05,0.00011090163025396473
likely	7,0,0.0004953867112514707,5.5450815126982364e-05
likes	0,1,6.192333890643384e-05,0.00011090163025396473
lin	6,0,0.00043346337234503684,5.5450815126982364e-05
lines	0,1,6.192333890643384e-05,0.00011090163025396473
links	0,22,6.192333890643384e-05,0.0012753687479205944
lips	0,1,6.192333890643384e-05,0.00011090163025396473
lisa	1,1,0.00012384667781286768,0.00011090163025396473
listinfo	0,2,6.192333890643384e-05,0.0001663524453809471
lit	0,1,6.192333890643384e-05,0.00011090163025396473
litteneker	1,0,0.00012384667781286768,5.5450815126982364e-05
liz	1,0,0.00012384667781286768,5.5450815126982364e-05
lobby	1,0,0.00012384667781286768,5.5450815126982364e-05
locally	0,2,6.192333890643384e-05,0.0001663524453809471
locals	0,1,6.192333890643384e-05,0.00011090163025396473
location	8,0,0.0005573100501579045,5.5450815126982364e-05
lock	2,0,0.0001857700167193015,5.5450815126982364e-05
loft	0,1,6.192333890643384e-05,0.00011090163025396473
london	3,1,0.00024769335562573535,0.00011090163025396473
longer	0,2,6.192333890643384e-05,0.0001663524453809471
look	3,9,0.00024769335562573535,0.0005545081512698237
looking	0,4,6.192333890643384e-05,0.00027725407563491185
loosening	1,0,0.00012384667781286768,5.5450815126982364e-05
loss	0,1,6.192333890643384e-05,0.00011090163025396473
lot	5,4,0.000371540033438603,0.00027725407563491185
low	2,6,0.0001857700167193015,0.0003881557058888766
loyal	0,2,6.192333890643384e-05,0.0001663524453809471
luck	2,0,0.0001857700167193015,5.5450815126982364e-05
lynch	1,0,0.00012384667781286768,5.5450815126982364e-05
lynda	1,0,0.00012384667781286768,5.5450815126982364e-05
ma	0,1,6.192333890643384e-05,0.00011090163025396473
machine	0,1,6.192333890643384e-05,0.00011090163025396473
made	6,5,0.00043346337234503684,0.0003327048907618942
magellan	0,1,6.192333890643384e-05,0.00011090163025396473
maidens	0,1,6.192333890643384e-05,0.00011090163025396473
mail	9,17,0.0006192333890643383,0.0009981146722856827
mailing	0,3,6.192333890643384e-05,0.00022180326050792945
malina	4,0,0.00030961669453216916,5.5450815126982364e-05
manage	2,1,0.0001857700167193015,0.00011090163025396473
manager	7,0,0.0004953867112514707,5.5450815126982364e-05
mandated	0,1,6.192333890643384e-05,0.00011090163025396473
manual	0,2,6.192333890643384e-05,0.0001663524453809471
many	3,13,0.00024769335562573535,0.0007763114117777532
market	9,3,0.0006192333890643383,0.00022180326050792945
marketers	0,1,6.192333890643384e-05,0.00011090163025396473
marketing	6,8,0.00043346337234503684,0.0004990573361428413
maryam	1,0,0.00012384667781286768,5.5450815126982364e-05
materials	2,0,0.0001857700167193015,5.5450815126982364e-05
matter	2,2,0.0001857700167193015,0.0001663524453809471
maureen	5,0,0.000371540033438603,5.5450815126982364e-05
mayerbrown	1,0,0.00012384667781286768,5.5450815126982364e-05
mcosta	1,0,0.00012384667781286768,5.5450815126982364e-05
meant	1,0,0.00012384667781286768,5.5450815126982364e-05
measuring	2,0,0.0001857700167193015,5.5450815126982364e-05
media	0,1,6.192333890643384e-05,0.00011090163025396473
medical	0,1,6.192333890643384e-05,0.00011090163025396473
meetings	4,1,0.00030961669453216916,0.00011090163025396473
member	0,15,6.192333890643384e-05,0.0008872130420317178
memory	0,3,6.192333890643384e-05,0.00022180326050792945
men	0,4,6.192333890643384e-05,0.00027725407563491185
mental	0,1,6.192333890643384e-05,0.00011090163025396473
merchants	1,0,0.00012384667781286768,5.5450815126982364e-05
meters	3,0,0.00024769335562573535,5.5450815126982364e-05
method	1,0,0.00012384667781286768,5.5450815126982364e-05
mg	0,2,6.192333890643384e-05,0.0001663524453809471
micros	0,2,6.192333890643384e-05,0.0001663524453809471
mid	2,1,0.0001857700167193015,0.00011090163025396473
mike	11,0,0.000743080066877206,5.5450815126982364e-05
mild	0,2,6.192333890643384e-05,0.0001663524453809471
minds	0,1,6.192333890643384e-05,0.00011090163025396473
mine	0,3,6.192333890643384e-05,0.00022180326050792945
minimize	1,0,0.00012384667781286768,5.5450815126982364e-05
minimum	1,1,0.00012384667781286768,0.00011090163025396473
minutes	0,3,6.192333890643384e-05,0.00022180326050792945
missss	0,1,6.192333890643384e-05,0.00011090163025396473
mixture	1,0,0.00012384667781286768,5.5450815126982364e-05
mm	1,0,0.00012384667781286768,5.5450815126982364e-05
mobile	1,0,0.00012384667781286768,5.5450815126982364e-05
modem	0,1,6.192333890643384e-05,0.00011090163025396473
modules	4,0,0.00030961669453216916,5.5450815126982364e-05
moment	0,2,6.192333890643384e-05,0.0001663524453809471
monadic	0,1,6.192333890643384e-05,0.00011090163025396473
mongolia	0,1,6.192333890643384e-05,0.00011090163025396473
monitor	0,1,6.192333890643384e-05,0.00011090163025396473
monthly	0,2,6.192333890643384e-05,0.0001663524453809471
months	5,0,0.000371540033438603,5.5450815126982364e-05
mood	0,1,6.192333890643384e-05,0.00011090163025396473
morayt	0,1,6.192333890643384e-05,0.00011090163025396473
morne	0,1,6.192333890643384e-05,0.00011090163025396473
morris	3,0,0.00024769335562573535,5.5450815126982364e-05
mortgage	0,1,6.192333890643384e-05,0.00011090163025396473
mossel	0,1,6.192333890643384e-05,0.00011090163025396473
mostly	0,1,6.192333890643384e-05,0.00011090163025396473
motero	0,1,6.192333890643384e-05,0.00011090163025396473
mounted	0,1,6.192333890643384e-05,0.00011090163025396473
moved	1,1,0.00012384667781286768,0.00011090163025396473
movement	2,0,0.0001857700167193015,5.5450815126982364e-05
moves	0,1,6.192333890643384e-05,0.00011090163025396473
moving	3,1,0.00024769335562573535,0.00011090163025396473
mower	0,1,6.192333890643384e-05,0.00011090163025396473
mpkemyrxlpq	0,1,6.192333890643384e-05,0.00011090163025396473
mrs	0,8,6.192333890643384e-05,0.0004990573361428413
ms	0,10,6.192333890643384e-05,0.0006099589663968061
mscf	1,0,0.00012384667781286768,5.5450815126982364e-05
multilanguage	0,1,6.192333890643384e-05,0.00011090163025396473
murmur	0,1,6.192333890643384e-05,0.00011090163025396473
murphy	1,0,0.00012384667781286768,5.5450815126982364e-05
music	1,0,0.00012384667781286768,5.5450815126982364e-05
my	37,49,0.002353086878444486,0.0027725407563491183
myers	1,0,0.00012384667781286768,5.5450815126982364e-05
myself	0,1,6.192333890643384e-05,0.00011090163025396473
myshoppingplace	0,3,6.192333890643384e-05,0.00022180326050792945
n	1,8,0.00012384667781286768,0.0004990573361428413
naked	0,1,6.192333890643384e-05,0.00011090163025396473
neal	1,0,0.00012384667781286768,5.5450815126982364e-05
near	5,1,0.000371540033438603,0.00011090163025396473
needs	6,3,0.00043346337234503684,0.00022180326050792945
negative	1,0,0.00012384667781286768,5.5450815126982364e-05
nepco	1,0,0.00012384667781286768,5.5450815126982364e-05
netnoteinc	0,4,6.192333890643384e-05,0.00027725407563491185
networks	5,1,0.000371540033438603,0.00011090163025396473
neyeded	0,1,6.192333890643384e-05,0.00011090163025396473
nguyen	3,0,0.00024769335562573535,5.5450815126982364e-05
nigel	1,0,0.00012384667781286768,5.5450815126982364e-05
nightgear	0,1,6.192333890643384e-05,0.00011090163025396473
niles	3,0,0.00024769335562573535,5.5450815126982364e-05
no	11,28,0.000743080066877206,0.0016080736386824886
noah	0,1,6.192333890643384e-05,0.00011090163025396473
nominated	4,0,0.00030961669453216916,5.5450815126982364e-05
nominations	1,0,0.00012384667781286768,5.5450815126982364e-05
normally	0,1,6.192333890643384e-05,0.00011090163025396473
notify	2,0,0.0001857700167193015,5.5450815126982364e-05
notis	2,0,0.0001857700167193015,5.5450815126982364e-05
novel	0,1,6.192333890643384e-05,0.00011090163025396473
nox	0,1,6.192333890643384e-05,0.00011090163025396473
numbers	4,2,0.00030961669453216916,0.0001663524453809471
oblibgat	0,1,6.192333890643384e-05,0.00011090163025396473
obligation	0,2,6.192333890643384e-05,0.0001663524453809471
obviously	0,2,6.192333890643384e-05,0.0001663524453809471
oconan	0,2,6.192333890643384e-05,0.0001663524453809471
offer	2,19,0.0001857700167193015,0.0011090163025396474
offered	0,3,6.192333890643384e-05,0.00022180326050792945
offering	0,6,6.192333890643384e-05,0.0003881557058888766
office	12,11,0.0008050034057836399,0.0006654097815237884
officer	2,0,0.0001857700167193015,5.5450815126982364e-05
officially	3,0,0.00024769335562573535,5.5450815126982364e-05
offsite	2,0,0.0001857700167193015,5.5450815126982364e-05
oh	1,1,0.00012384667781286768,0.00011090163025396473
ok	0,3,6.192333890643384e-05,0.00022180326050792945
omaha	0,1,6.192333890643384e-05,0.00011090163025396473
omission	1,0,0.00012384667781286768,5.5450815126982364e-05
on	122,95,0.007616570685491362,0.0053232782521903076
onerous	0,1,6.192333890643384e-05,0.00011090163025396473
open	5,2,0.000371540033438603,0.0001663524453809471
opening	2,1,0.0001857700167193015,0.00011090163025396473
operate	0,1,6.192333890643384e-05,0.00011090163025396473
operation	0,2,6.192333890643384e-05,0.0001663524453809471
opinion	2,1,0.0001857700167193015,0.00011090163025396473
opportunities	5,1,0.000371540033438603,0.00011090163025396473
option	0,1,6.192333890643384e-05,0.00011090163025396473
ore	0,2,6.192333890643384e-05,0.0001663524453809471
organization	6,0,0.00043346337234503684,5.5450815126982364e-05
organize	2,0,0.0001857700167193015,5.5450815126982364e-05
originally	1,0,0.00012384667781286768,5.5450815126982364e-05
origination	1,0,0.00012384667781286768,5.5450815126982364e-05
orrick	1,0,0.00012384667781286768,5.5450815126982364e-05
osman	4,0,0.00030961669453216916,5.5450815126982364e-05
otc	1,0,0.00012384667781286768,5.5450815126982364e-05
otherwise	1,0,0.00012384667781286768,5.5450815126982364e-05
ounces	0,1,6.192333890643384e-05,0.00011090163025396473
out	24,34,0.0015480834726608458,0.0019407785294443829
oversee	2,0,0.0001857700167193015,5.5450815126982364e-05
owns	1,0,0.00012384667781286768,5.5450815126982364e-05
paces	0,1,6.192333890643384e-05,0.00011090163025396473
pacific	1,1,0.00012384667781286768,0.00011090163025396473
package	4,0,0.00030961669453216916,5.5450815126982364e-05
padron	1,0,0.00012384667781286768,5.5450815126982364e-05
page	1,20,0.00012384667781286768,0.0011644671176666297
pagemaker	0,2,6.192333890643384e-05,0.0001663524453809471
painter	0,1,6.192333890643384e-05,0.00011090163025396473
palaeo	0,1,6.192333890643384e-05,0.00011090163025396473
paper	1,0,0.00012384667781286768,5.5450815126982364e-05
par	0,1,6.192333890643384e-05,0.00011090163025396473
paragraph	0,6,6.192333890643384e-05,0.0003881557058888766
parallel	0,1,6.192333890643384e-05,0.00011090163025396473
participating	1,0,0.00012384667781286768,5.5450815126982364e-05
partner	0,2,6.192333890643384e-05,0.0001663524453809471
parts	0,1,6.192333890643384e-05,0.00011090163025396473
party	2,1,0.0001857700167193015,0.00011090163025396473
past	2,1,0.0001857700167193015,0.00011090163025396473
patricia	4,0,0.00030961669453216916,5.5450815126982364e-05
paul	0,2,6.192333890643384e-05,0.0001663524453809471
paulo	5,0,0.000371540033438603,5.5450815126982364e-05
pause	0,1,6.192333890643384e-05,0.00011090163025396473
pavluk	1,0,0.00012384667781286768,5.5450815126982364e-05
payback	1,0,0.00012384667781286768,5.5450815126982364e-05
payments	1,5,0.00012384667781286768,0.0003327048907618942
pcp	1,0,0.00012384667781286768,5.5450815126982364e-05
pdx	1,0,0.00012384667781286768,5.5450815126982364e-05
pennsylvania	0,3,6.192333890643384e-05,0.00022180326050792945
pentium	0,1,6.192333890643384e-05,0.00011090163025396473
perhaps	1,2,0.00012384667781286768,0.0001663524453809471
persists	1,0,0.00012384667781286768,5.5450815126982364e-05
personally	0,1,6.192333890643384e-05,0.00011090163025396473
pg	7,0,0.0004953867112514707,5.5450815126982364e-05
phases	2,0,0.0001857700167193015,5.5450815126982364e-05
philadelphia	1,0,0.00012384667781286768,5.5450815126982364e-05
photo	0,1,6.192333890643384e-05,0.00011090163025396473
phrases	0,3,6.192333890643384e-05,0.00022180326050792945
picture	0,4,6.192333890643384e-05,0.00027725407563491185
pierre	1,0,0.00012384667781286768,5.5450815126982364e-05
pike	0,1,6.192333890643384e-05,0.00011090163025396473
pillsburywinthrop	2,0,0.0001857700167193015,5.5450815126982364e-05
pilocystic	0,1,6.192333890643384e-05,0.00011090163025396473
pinion	1,0,0.00012384667781286768,5.5450815126982364e-05
pinnacle	0,1,6.192333890643384e-05,0.00011090163025396473
pinnamaneni	4,0,0.00030961669453216916,5.5450815126982364e-05
pipeline	3,0,0.00024769335562573535,5.5450815126982364e-05
pipes	0,2,6.192333890643384e-05,0.0001663524453809471
pitchers	0,1,6.192333890643384e-05,0.00011090163025396473
placed	0,1,6.192333890643384e-05,0.00011090163025396473
placement	0,2,6.192333890643384e-05,0.0001663524453809471
places	0,1,6.192333890643384e-05,0.00011090163025396473
plans	2,0,0.0001857700167193015,5.5450815126982364e-05
platform	0,2,6.192333890643384e-05,0.0001663524453809471
platte	0,1,6.192333890643384e-05,0.00011090163025396473
pleas	0,1,6.192333890643384e-05,0.00011090163025396473
pleased	1,1,0.00012384667781286768,0.00011090163025396473
plus	1,3,0.00012384667781286768,0.00022180326050792945
pm	31,3,0.001981546845005883,0.00022180326050792945
point	8,6,0.0005573100501579045,0.0003881557058888766
policy	0,5,6.192333890643384e-05,0.0003327048907618942
politically	1,0,0.00012384667781286768,5.5450815126982364e-05
poors	1,0,0.00012384667781286768,5.5450815126982364e-05
portion	1,0,0.00012384667781286768,5.5450815126982364e-05
possibility	1,2,0.00012384667781286768,0.0001663524453809471
postal	0,1,6.192333890643384e-05,0.00011090163025396473
posts	0,1,6.192333890643384e-05,0.00011090163025396473
potency	0,1,6.192333890643384e-05,0.00011090163025396473
pounds	0,1,6.192333890643384e-05,0.00011090163025396473
power	17,1,0.001114620100315809,0.00011090163025396473
powered	0,2,6.192333890643384e-05,0.0001663524453809471
powerful	0,5,6.192333890643384e-05,0.0003327048907618942
ppmfztdtet	0,1,6.192333890643384e-05,0.00011090163025396473
prager	1,0,0.00012384667781286768,5.5450815126982364e-05
preferred	0,2,6.192333890643384e-05,0.0001663524453809471
premiere	0,2,6.192333890643384e-05,0.0001663524453809471
premium	0,3,6.192333890643384e-05,0.00022180326050792945
prepared	0,2,6.192333890643384e-05,0.0001663524453809471
president	6,0,0.00043346337234503684,5.5450815126982364e-05
press	1,2,0.00012384667781286768,0.0001663524453809471
pressured	2,0,0.0001857700167193015,5.5450815126982364e-05
presumed	1,0,0.00012384667781286768,5.5450815126982364e-05
pretty	4,0,0.00030961669453216916,5.5450815126982364e-05
previous	9,0,0.0006192333890643383,5.5450815126982364e-05
prez	1,0,0.00012384667781286768,5.5450815126982364e-05
principal	2,0,0.0001857700167193015,5.5450815126982364e-05
print	0,1,6.192333890643384e-05,0.00011090163025396473
privileged	1,0,0.00012384667781286768,5.5450815126982364e-05
process	6,5,0.00043346337234503684,0.0003327048907618942
processed	0,1,6.192333890643384e-05,0.00011090163025396473
processes	2,0,0.0001857700167193015,5.5450815126982364e-05
processing	4,4,0.00030961669453216916,0.00027725407563491185
processor	0,1,6.192333890643384e-05,0.00011090163025396473
producers	2,0,0.0001857700167193015,5.5450815126982364e-05
producing	1,0,0.00012384667781286768,5.5450815126982364e-05
products	6,12,0.00043346337234503684,0.0007208605966507708
professional	0,12,6.192333890643384e-05,0.0007208605966507708
professor	0,1,6.192333890643384e-05,0.00011090163025396473
programs	2,7,0.0001857700167193015,0.0004436065210158589
proliferation	2,0,0.0001857700167193015,5.5450815126982364e-05
promise	0,1,6.192333890643384e-05,0.00011090163025396473
prompt	0,1,6.192333890643384e-05,0.00011090163025396473
properly	0,2,6.192333890643384e-05,0.0001663524453809471
prosper	0,1,6.192333890643384e-05,0.00011090163025396473
prostaff	1,0,0.00012384667781286768,5.5450815126982364e-05
protest	2,0,0.0001857700167193015,5.5450815126982364e-05
protesting	1,0,0.00012384667781286768,5.5450815126982364e-05
provide	7,6,0.0004953867112514707,0.0003881557058888766
provider	0,2,6.192333890643384e-05,0.0001663524453809471
proxy	0,7,6.192333890643384e-05,0.0004436065210158589
ps	0,1,6.192333890643384e-05,0.00011090163025396473
pulp	1,0,0.00012384667781286768,5.5450815126982364e-05
purchased	0,1,6.192333890643384e-05,0.00011090163025396473
purchases	2,1,0.0001857700167193015,0.00011090163025396473
purchasing	1,1,0.00012384667781286768,0.00011090163025396473
purpose	3,3,0.00024769335562573535,0.00022180326050792945
pursuing	1,0,0.00012384667781286768,5.5450815126982364e-05
putpeel	0,6,6.192333890643384e-05,0.0003881557058888766
q	2,3,0.0001857700167193015,0.00022180326050792945
qualification	0,1,6.192333890643384e-05,0.00011090163025396473
qualityproducts	0,1,6.192333890643384e-05,0.00011090163025396473
quark	0,1,6.192333890643384e-05,0.00011090163025396473
quickly	2,3,0.0001857700167193015,0.00022180326050792945
raised	0,2,6.192333890643384e-05,0.0001663524453809471
raises	0,2,6.192333890643384e-05,0.0001663524453809471
raising	0,1,6.192333890643384e-05,0.00011090163025396473
ram	0,1,6.192333890643384e-05,0.00011090163025396473
ranch	8,0,0.0005573100501579045,5.5450815126982364e-05
randall	2,0,0.0001857700167193015,5.5450815126982364e-05
randy	1,0,0.00012384667781286768,5.5450815126982364e-05
rate	18,5,0.001176543439222243,0.0003327048907618942
ravi	6,0,0.00043346337234503684,5.5450815126982364e-05
ray	3,0,0.00024769335562573535,5.5450815126982364e-05
re	23,9,0.001486160133754412,0.0005545081512698237
reach	2,3,0.0001857700167193015,0.00022180326050792945
reached	1,1,0.00012384667781286768,0.00011090163025396473
reaching	1,0,0.00012384667781286768,5.5450815126982364e-05
reads	0,2,6.192333890643384e-05,0.0001663524453809471
ready	2,3,0.0001857700167193015,0.00022180326050792945
reasonable	0,2,6.192333890643384e-05,0.0001663524453809471
reassigned	1,0,0.00012384667781286768,5.5450815126982364e-05
receipts	0,1,6.192333890643384e-05,0.00011090163025396473
received	3,2,0.00024769335562573535,0.0001663524453809471
receives	3,0,0.00024769335562573535,5.5450815126982364e-05
receiving	0,4,6.192333890643384e-05,0.00027725407563491185
recent	2,1,0.0001857700167193015,0.00011090163025396473
recieved	0,1,6.192333890643384e-05,0.00011090163025396473
recover	2,0,0.0001857700167193015,5.5450815126982364e-05
redhat	0,1,6.192333890643384e-05,0.00011090163025396473
reduce	0,1,6.192333890643384e-05,0.00011090163025396473
references	0,1,6.192333890643384e-05,0.00011090163025396473
reflux	0,1,6.192333890643384e-05,0.00011090163025396473
refuse	0,1,6.192333890643384e-05,0.00011090163025396473
regard	5,2,0.000371540033438603,0.0001663524453809471
regarding	2,0,0.0001857700167193015,5.5450815126982364e-05
region	5,1,0.000371540033438603,0.00011090163025396473
registered	2,1,0.0001857700167193015,0.00011090163025396473
reins	0,1,6.192333890643384e-05,0.00011090163025396473
reiterate	1,0,0.00012384667781286768,5.5450815126982364e-05
rejoice	0,1,6.192333890643384e-05,0.00011090163025396473
related	1,0,0.00012384667781286768,5.5450815126982364e-05
relates	0,1,6.192333890643384e-05,0.00011090163025396473
relating	2,0,0.0001857700167193015,5.5450815126982364e-05
relations	3,0,0.00024769335562573535,5.5450815126982364e-05
relationship	2,2,0.0001857700167193015,0.0001663524453809471
relative	2,0,0.0001857700167193015,5.5450815126982364e-05
relegated	0,1,6.192333890643384e-05,0.00011090163025396473
relieved	0,1,6.192333890643384e-05,0.00011090163025396473
relieves	0,1,6.192333890643384e-05,0.00011090163025396473
reminder	1,0,0.00012384667781286768,5.5450815126982364e-05
removal	0,1,6.192333890643384e-05,0.00011090163025396473
rennie	1,0,0.00012384667781286768,5.5450815126982364e-05
replay	2,0,0.0001857700167193015,5.5450815126982364e-05
report	9,2,0.0006192333890643383,0.0001663524453809471
reporting	7,0,0.0004953867112514707,5.5450815126982364e-05
requirements	3,0,0.00024769335562573535,5.5450815126982364e-05
research	5,0,0.000371540033438603,5.5450815126982364e-05
resell	0,1,6.192333890643384e-05,0.00011090163025396473
reservation	1,0,0.00012384667781286768,5.5450815126982364e-05
reserve	0,2,6.192333890643384e-05,0.0001663524453809471
residents	0,1,6.192333890643384e-05,0.00011090163025396473
resistance	0,1,6.192333890643384e-05,0.00011090163025396473
resort	2,0,0.0001857700167193015,5.5450815126982364e-05
resource	2,3,0.0001857700167193015,0.00022180326050792945
resourceful	0,1,6.192333890643384e-05,0.00011090163025396473
resourcestocks	0,1,6.192333890643384e-05,0.00011090163025396473
respect	1,2,0.00012384667781286768,0.0001663524453809471
respected	0,1,6.192333890643384e-05,0.00011090163025396473
respective	2,0,0.0001857700167193015,5.5450815126982364e-05
responsibilites	2,0,0.0001857700167193015,5.5450815126982364e-05
responsibilities	5,0,0.000371540033438603,5.5450815126982364e-05
responsible	4,0,0.00030961669453216916,5.5450815126982364e-05
rest	0,4,6.192333890643384e-05,0.00027725407563491185
result	1,0,0.00012384667781286768,5.5450815126982364e-05
resulted	0,2,6.192333890643384e-05,0.0001663524453809471
retail	2,1,0.0001857700167193015,0.00011090163025396473
retains	2,0,0.0001857700167193015,5.5450815126982364e-05
reviews	2,4,0.0001857700167193015,0.00027725407563491185
rewrite	0,2,6.192333890643384e-05,0.0001663524453809471
rich	0,1,6.192333890643384e-05,0.00011090163025396473
rick	5,0,0.000371540033438603,5.5450815126982364e-05
ridiculous	0,1,6.192333890643384e-05,0.00011090163025396473
riedel	1,0,0.00012384667781286768,5.5450815126982364e-05
right	2,13,0.0001857700167193015,0.0007763114117777532
road	0,2,6.192333890643384e-05,0.0001663524453809471
rob	0,3,6.192333890643384e-05,0.00022180326050792945
rock	0,2,6.192333890643384e-05,0.0001663524453809471
rodgers	1,0,0.00012384667781286768,5.5450815126982364e-05
rohan	1,0,0.00012384667781286768,5.5450815126982364e-05
role	13,0,0.0008669267446900737,5.5450815126982364e-05
rosenfield	1,0,0.00012384667781286768,5.5450815126982364e-05
ross	4,0,0.00030961669453216916,5.5450815126982364e-05
rsa	0,1,6.192333890643384e-05,0.00011090163025396473
rsbaker	1,0,0.00012384667781286768,5.5450815126982364e-05
rto	1,0,0.00012384667781286768,5.5450815126982364e-05
rtol	1,0,0.00012384667781286768,5.5450815126982364e-05
ruanda	0,1,6.192333890643384e-05,0.00011090163025396473
rub	0,1,6.192333890643384e-05,0.00011090163025396473
ruin	0,1,6.192333890643384e-05,0.00011090163025396473
rule	1,0,0.00012384667781286768,5.5450815126982364e-05
run	0,1,6.192333890643384e-05,0.00011090163025396473
ruzika	1,0,0.00012384667781286768,5.5450815126982364e-05
rw	0,1,6.192333890643384e-05,0.00011090163025396473
sa	4,0,0.00030961669453216916,5.5450815126982364e-05
safely	0,2,6.192333890643384e-05,0.0001663524453809471
sales	2,41,0.0001857700167193015,0.0023289342353332593
salomon	2,0,0.0001857700167193015,5.5450815126982364e-05
same	0,6,6.192333890643384e-05,0.0003881557058888766
samer	5,0,0.000371540033438603,5.5450815126982364e-05
samuel	1,0,0.00012384667781286768,5.5450815126982364e-05
sand	0,1,6.192333890643384e-05,0.00011090163025396473
sang	0,1,6.192333890643384e-05,0.00011090163025396473
sanibel	1,0,0.00012384667781286768,5.5450815126982364e-05
sapphire	1,0,0.00012384667781286768,5.5450815126982364e-05
satisfied	0,2,6.192333890643384e-05,0.0001663524453809471
save	0,8,6.192333890643384e-05,0.0004990573361428413
savvy	0,1,6.192333890643384e-05,0.00011090163025396473
scampbell	1,0,0.00012384667781286768,5.5450815126982364e-05
schedule	6,0,0.00043346337234503684,5.5450815126982364e-05
scott	1,0,0.00012384667781286768,5.5450815126982364e-05
screamed	0,1,6.192333890643384e-05,0.00011090163025396473
screaming	0,1,6.192333890643384e-05,0.00011090163025396473
screwball	0,1,6.192333890643384e-05,0.00011090163025396473
sdba	1,0,0.00012384667781286768,5.5450815126982364e-05
secrets	0,2,6.192333890643384e-05,0.0001663524453809471
sector	2,1,0.0001857700167193015,0.00011090163025396473
secure	1,1,0.00012384667781286768,0.00011090163025396473
securities	2,0,0.0001857700167193015,5.5450815126982364e-05
see	6,22,0.00043346337234503684,0.0012753687479205944
seeing	1,0,0.00012384667781286768,5.5450815126982364e-05
sellens	1,0,0.00012384667781286768,5.5450815126982364e-05
sellinternetaccess	0,4,6.192333890643384e-05,0.00027725407563491185
semester	1,0,0.00012384667781286768,5.5450815126982364e-05
sen	1,0,0.00012384667781286768,5.5450815126982364e-05
senator	4,0,0.00030961669453216916,5.5450815126982364e-05
senior	9,2,0.0006192333890643383,0.0001663524453809471
sense	1,2,0.00012384667781286768,0.0001663524453809471
sensitive	2,0,0.0001857700167193015,5.5450815126982364e-05
sentences	0,4,6.192333890643384e-05,0.00027725407563491185
sentiment	0,1,6.192333890643384e-05,0.00011090163025396473
sessions	2,0,0.0001857700167193015,5.5450815126982364e-05
set	7,6,0.0004953867112514707,0.0003881557058888766
setbacks	0,1,6.192333890643384e-05,0.00011090163025396473
settlements	2,0,0.0001857700167193015,5.5450815126982364e-05
seven	2,1,0.0001857700167193015,0.00011090163025396473
seventhpower	0,3,6.192333890643384e-05,0.00022180326050792945
severe	0,1,6.192333890643384e-05,0.00011090163025396473
she	13,1,0.0008669267446900737,0.00011090163025396473
sherlyn	3,0,0.00024769335562573535,5.5450815126982364e-05
sherri	1,0,0.00012384667781286768,5.5450815126982364e-05
shift	1,1,0.00012384667781286768,0.00011090163025396473
shipped	0,1,6.192333890643384e-05,0.00011090163025396473
shipping	0,1,6.192333890643384e-05,0.00011090163025396473
shoot	0,1,6.192333890643384e-05,0.00011090163025396473
shopping	0,1,6.192333890643384e-05,0.00011090163025396473
short	1,4,0.00012384667781286768,0.00027725407563491185
shot	0,1,6.192333890643384e-05,0.00011090163025396473
show	4,2,0.00030961669453216916,0.0001663524453809471
shut	1,0,0.00012384667781286768,5.5450815126982364e-05
shwc	0,1,6.192333890643384e-05,0.00011090163025396473
sibilant	0,1,6.192333890643384e-05,0.00011090163025396473
sides	0,1,6.192333890643384e-05,0.00011090163025396473
sillily	0,1,6.192333890643384e-05,0.00011090163025396473
similes	0,1,6.192333890643384e-05,0.00011090163025396473
simple	2,6,0.0001857700167193015,0.0003881557058888766
since	9,1,0.0006192333890643383,0.00011090163025396473
sincerely	1,1,0.00012384667781286768,0.00011090163025396473
sink	1,0,0.00012384667781286768,5.5450815126982364e-05
sitara	2,0,0.0001857700167193015,5.5450815126982364e-05
site	5,36,0.000371540033438603,0.0020516801596983476
situation	0,4,6.192333890643384e-05,0.00027725407563491185
size	0,5,6.192333890643384e-05,0.0003327048907618942
skin	0,1,6.192333890643384e-05,0.00011090163025396473
slash	0,1,6.192333890643384e-05,0.00011090163025396473
slaver	0,1,6.192333890643384e-05,0.00011090163025396473
slotting	0,1,6.192333890643384e-05,0.00011090163025396473
slower	1,0,0.00012384667781286768,5.5450815126982364e-05
smaller	3,3,0.00024769335562573535,0.00022180326050792945
sneak	0,2,6.192333890643384e-05,0.0001663524453809471
socal	4,0,0.00030961669453216916,5.5450815126982364e-05
softtwares	0,2,6.192333890643384e-05,0.0001663524453809471
software	0,10,6.192333890643384e-05,0.0006099589663968061
sold	0,2,6.192333890643384e-05,0.0001663524453809471
solid	0,1,6.192333890643384e-05,0.00011090163025396473
solution	0,2,6.192333890643384e-05,0.0001663524453809471
solved	0,1,6.192333890643384e-05,0.00011090163025396473
someone	1,6,0.00012384667781286768,0.0003881557058888766
something	4,3,0.00030961669453216916,0.00022180326050792945
somewhat	0,1,6.192333890643384e-05,0.00011090163025396473
songs	1,0,0.00012384667781286768,5.5450815126982364e-05
sorry	2,0,0.0001857700167193015,5.5450815126982364e-05
sos	1,0,0.00012384667781286768,5.5450815126982364e-05
sotware	0,1,6.192333890643384e-05,0.00011090163025396473
sounds	1,0,0.00012384667781286768,5.5450815126982364e-05
south	5,9,0.000371540033438603,0.0005545081512698237
southernenergy	2,0,0.0001857700167193015,5.5450815126982364e-05
sp	0,1,6.192333890643384e-05,0.00011090163025396473
space	0,6,6.192333890643384e-05,0.0003881557058888766
spare	1,0,0.00012384667781286768,5.5450815126982364e-05
spark	2,0,0.0001857700167193015,5.5450815126982364e-05
special	1,9,0.00012384667781286768,0.0005545081512698237
speeds	0,1,6.192333890643384e-05,0.00011090163025396473
spent	2,1,0.0001857700167193015,0.00011090163025396473
spoken	2,0,0.0001857700167193015,5.5450815126982364e-05
sponsor	0,2,6.192333890643384e-05,0.0001663524453809471
sponsoring	0,1,6.192333890643384e-05,0.00011090163025396473
spring	0,1,6.192333890643384e-05,0.00011090163025396473
squeeze	1,0,0.00012384667781286768,5.5450815126982364e-05
srs	1,0,0.00012384667781286768,5.5450815126982364e-05
ss	0,1,6.192333890643384e-05,0.00011090163025396473
ssmb	1,0,0.00012384667781286768,5.5450815126982364e-05
stable	0,1,6.192333890643384e-05,0.00011090163025396473
stad	0,1,6.192333890643384e-05,0.00011090163025396473
stake	0,1,6.192333890643384e-05,0.00011090163025396473
stars	0,1,6.192333890643384e-05,0.00011090163025396473
state	16,4,0.001052696761409375,0.00027725407563491185
station	0,2,6.192333890643384e-05,0.0001663524453809471
stay	1,0,0.00012384667781286768,5.5450815126982364e-05
stayed	1,0,0.00012384667781286768,5.5450815126982364e-05
steadily	0,1,6.192333890643384e-05,0.00011090163025396473
steak	0,1,6.192333890643384e-05,0.00011090163025396473
steeves	0,2,6.192333890643384e-05,0.0001663524453809471
stentofon	2,0,0.0001857700167193015,5.5450815126982364e-05
steve	3,0,0.00024769335562573535,5.5450815126982364e-05
stick	1,1,0.00012384667781286768,0.00011090163025396473
stinson	8,0,0.0005573100501579045,5.5450815126982364e-05
stock	3,2,0.00024769335562573535,0.0001663524453809471
stopping	0,2,6.192333890643384e-05,0.0001663524453809471
stratagem	0,1,6.192333890643384e-05,0.00011090163025396473
streams	0,1,6.192333890643384e-05,0.00011090163025396473
striking	1,0,0.00012384667781286768,5.5450815126982364e-05
stronger	1,0,0.00012384667781286768,5.5450815126982364e-05
stroock	1,0,0.00012384667781286768,5.5450815126982364e-05
struck	1,1,0.00012384667781286768,0.00011090163025396473
students	0,4,6.192333890643384e-05,0.00027725407563491185
stupid	0,1,6.192333890643384e-05,0.00011090163025396473
stupidity	0,1,6.192333890643384e-05,0.00011090163025396473
subconsciously	0,1,6.192333890643384e-05,0.00011090163025396473
subject	36,10,0.002291163539538052,0.0006099589663968061
submitted	1,0,0.00012384667781286768,5.5450815126982364e-05
subscribe	0,7,6.192333890643384e-05,0.0004436065210158589
success	4,4,0.00030961669453216916,0.00027725407563491185
successes	0,1,6.192333890643384e-05,0.00011090163025396473
successful	0,10,6.192333890643384e-05,0.0006099589663968061
suggest	1,1,0.00012384667781286768,0.00011090163025396473
suggested	1,0,0.00012384667781286768,5.5450815126982364e-05
suggestions	0,3,6.192333890643384e-05,0.00022180326050792945
suite	1,3,0.00012384667781286768,0.00022180326050792945
sum	0,2,6.192333890643384e-05,0.0001663524453809471
summary	3,0,0.00024769335562573535,5.5450815126982364e-05
summer	0,3,6.192333890643384e-05,0.00022180326050792945
summit	1,0,0.00012384667781286768,5.5450815126982364e-05
sup	0,1,6.192333890643384e-05,0.00011090163025396473
superman	0,1,6.192333890643384e-05,0.00011090163025396473
supplier	2,0,0.0001857700167193015,5.5450815126982364e-05
support	8,2,0.0005573100501579045,0.0001663524453809471
supported	1,0,0.00012384667781286768,5.5450815126982364e-05
supporting	2,1,0.0001857700167193015,0.00011090163025396473
surfola	0,4,6.192333890643384e-05,0.00027725407563491185
surged	0,1,6.192333890643384e-05,0.00011090163025396473
surgery	0,1,6.192333890643384e-05,0.00011090163025396473
survey	0,1,6.192333890643384e-05,0.00011090163025396473
susan	7,0,0.0004953867112514707,5.5450815126982364e-05
suzms	0,1,6.192333890643384e-05,0.00011090163025396473
swap	0,2,6.192333890643384e-05,0.0001663524453809471
swidner	1,0,0.00012384667781286768,5.5450815126982364e-05
swift	2,0,0.0001857700167193015,5.5450815126982364e-05
swiss	2,0,0.0001857700167193015,5.5450815126982364e-05
switchman	0,1,6.192333890643384e-05,0.00011090163025396473
sydney	1,1,0.00012384667781286768,0.00011090163025396473
symaantec	0,1,6.192333890643384e-05,0.00011090163025396473
system	10,2,0.0006811567279707721,0.0001663524453809471
systemslogical	0,1,6.192333890643384e-05,0.00011090163025396473
t	10,47,0.0006811567279707721,0.0026616391260951538
takes	0,6,6.192333890643384e-05,0.0003881557058888766
taking	2,2,0.0001857700167193015,0.0001663524453809471
talk	2,3,0.0001857700167193015,0.00022180326050792945
talked	1,0,0.00012384667781286768,5.5450815126982364e-05
talking	0,2,6.192333890643384e-05,0.0001663524453809471
target	1,8,0.00012384667781286768,0.0004990573361428413
targeted	0,10,6.192333890643384e-05,0.0006099589663968061
targeting	0,1,6.192333890643384e-05,0.00011090163025396473
tarrin	0,1,6.192333890643384e-05,0.00011090163025396473
taught	0,1,6.192333890643384e-05,0.00011090163025396473
tea	0,2,6.192333890643384e-05,0.0001663524453809471
tells	0,1,6.192333890643384e-05,0.00011090163025396473
tempted	0,1,6.192333890643384e-05,0.00011090163025396473
tenderer	0,1,6.192333890643384e-05,0.00011090163025396473
term	5,1,0.000371540033438603,0.00011090163025396473
terry	0,1,6.192333890643384e-05,0.00011090163025396473
texaco	6,0,0.00043346337234503684,5.5450815126982364e-05
texture	0,1,6.192333890643384e-05,0.00011090163025396473
tgary	1,0,0.00012384667781286768,5.5450815126982364e-05
themselves	1,2,0.00012384667781286768,0.0001663524453809471
then	2,25,0.0001857700167193015,0.0014417211933015416
theqgrefor	0,1,6.192333890643384e-05,0.00011090163025396473
there	20,24,0.0013003901170351106,0.0013862703781745592
things	2,5,0.0001857700167193015,0.0003327048907618942
think	4,7,0.00030961669453216916,0.0004436065210158589
third	1,2,0.00012384667781286768,0.0001663524453809471
this	99,90,0.006192333890643383,0.005046024176555395
thoroughly	1,0,0.00012384667781286768,5.5450815126982364e-05
three	5,8,0.000371540033438603,0.0004990573361428413
thrid	0,1,6.192333890643384e-05,0.00011090163025396473
thursday	5,2,0.000371540033438603,0.0001663524453809471
thus	1,0,0.00012384667781286768,5.5450815126982364e-05
ticket	1,0,0.00012384667781286768,5.5450815126982364e-05
tidbits	0,1,6.192333890643384e-05,0.00011090163025396473
till	1,0,0.00012384667781286768,5.5450815126982364e-05
tilts	0,1,6.192333890643384e-05,0.00011090163025396473
time	13,18,0.0008669267446900737,0.001053565487412665
tired	0,2,6.192333890643384e-05,0.0001663524453809471
tires	0,3,6.192333890643384e-05,0.00022180326050792945
tithable	0,1,6.192333890643384e-05,0.00011090163025396473
tlapek	5,0,0.000371540033438603,5.5450815126982364e-05
to	350,420,0.021735091956158276,0.023344793168459575
tobacco	0,2,6.192333890643384e-05,0.0001663524453809471
today	7,22,0.0004953867112514707,0.0012753687479205944
together	1,4,0.00012384667781286768,0.00027725407563491185
tokyo	1,0,0.00012384667781286768,5.5450815126982364e-05
toll	0,2,6.192333890643384e-05,0.0001663524453809471
tommy	1,0,0.00012384667781286768,5.5450815126982364e-05
tomorrow	5,0,0.000371540033438603,5.5450815126982364e-05
tonne	0,1,6.192333890643384e-05,0.00011090163025396473
too	2,9,0.0001857700167193015,0.0005545081512698237
tool	1,1,0.00012384667781286768,0.00011090163025396473
toolbar	0,7,6.192333890643384e-05,0.0004436065210158589
tortoises	0,1,6.192333890643384e-05,0.00011090163025396473
total	2,3,0.0001857700167193015,0.00022180326050792945
tr	0,1,6.192333890643384e-05,0.00011090163025396473
track	0,3,6.192333890643384e-05,0.00022180326050792945
tracked	1,0,0.00012384667781286768,5.5450815126982364e-05
tradition	1,0,0.00012384667781286768,5.5450815126982364e-05
train	0,7,6.192333890643384e-05,0.0004436065210158589
training	7,1,0.0004953867112514707,0.00011090163025396473
transaction	1,1,0.00012384667781286768,0.00011090163025396473
transfer	0,6,6.192333890643384e-05,0.0003881557058888766
transferred	2,0,0.0001857700167193015,5.5450815126982364e-05
transistion	5,0,0.000371540033438603,5.5450815126982364e-05
transmission	10,0,0.0006811567279707721,5.5450815126982364e-05
transportation	2,0,0.0001857700167193015,5.5450815126982364e-05
travis	1,0,0.00012384667781286768,5.5450815126982364e-05
treatment	0,1,6.192333890643384e-05,0.00011090163025396473
treats	0,1,6.192333890643384e-05,0.00011090163025396473
tricky	0,1,6.192333890643384e-05,0.00011090163025396473
tried	4,1,0.00030961669453216916,0.00011090163025396473
trina	1,0,0.00012384667781286768,5.5450815126982364e-05
triple	0,1,6.192333890643384e-05,0.00011090163025396473
trust	0,2,6.192333890643384e-05,0.0001663524453809471
trusted	0,1,6.192333890643384e-05,0.00011090163025396473
tuesday	4,0,0.00030961669453216916,5.5450815126982364e-05
twenty	1,2,0.00012384667781286768,0.0001663524453809471
tx	1,1,0.00012384667781286768,0.00011090163025396473
txu	2,0,0.0001857700167193015,5.5450815126982364e-05
txuelectric	1,0,0.00012384667781286768,5.5450815126982364e-05
uk	0,2,6.192333890643384e-05,0.0001663524453809471
ult	0,1,6.192333890643384e-05,0.00011090163025396473
unclear	1,0,0.00012384667781286768,5.5450815126982364e-05
under	11,8,0.000743080066877206,0.0004990573361428413
undercollection	4,0,0.00030961669453216916,5.5450815126982364e-05
underneath	0,1,6.192333890643384e-05,0.00011090163025396473
underwrite	0,1,6.192333890643384e-05,0.00011090163025396473
units	4,0,0.00030961669453216916,5.5450815126982364e-05
unlimited	0,4,6.192333890643384e-05,0.00027725407563491185
unrealistic	2,0,0.0001857700167193015,5.5450815126982364e-05
unsubscribed	0,1,6.192333890643384e-05,0.00011090163025396473
untouchable	1,0,0.00012384667781286768,5.5450815126982364e-05
upcoming	1,0,0.00012384667781286768,5.5450815126982364e-05
upgradeable	0,3,6.192333890643384e-05,0.00022180326050792945
upping	0,1,6.192333890643384e-05,0.00011090163025396473
upward	0,1,6.192333890643384e-05,0.00011090163025396473
usage	1,3,0.00012384667781286768,0.00022180326050792945
utility	6,0,0.00043346337234503684,5.5450815126982364e-05
uuz	0,1,6.192333890643384e-05,0.00011090163025396473
uvd	0,1,6.192333890643384e-05,0.00011090163025396473
uz	0,1,6.192333890643384e-05,0.00011090163025396473
val	0,2,6.192333890643384e-05,0.0001663524453809471
valeria	1,0,0.00012384667781286768,5.5450815126982364e-05
validate	1,0,0.00012384667781286768,5.5450815126982364e-05
valley	0,2,6.192333890643384e-05,0.0001663524453809471
valuables	0,2,6.192333890643384e-05,0.0001663524453809471
valued	1,0,0.00012384667781286768,5.5450815126982364e-05
var	1,0,0.00012384667781286768,5.5450815126982364e-05
vasant	5,0,0.000371540033438603,5.5450815126982364e-05
vein	0,1,6.192333890643384e-05,0.00011090163025396473
versus	1,1,0.00012384667781286768,0.00011090163025396473
via	6,2,0.00043346337234503684,0.0001663524453809471
view	5,5,0.000371540033438603,0.0003327048907618942
villarreal	1,0,0.00012384667781286768,5.5450815126982364e-05
vince	15,0,0.0009907734225029414,5.5450815126982364e-05
visitors	0,1,6.192333890643384e-05,0.00011090163025396473
visits	0,1,6.192333890643384e-05,0.00011090163025396473
volumes	1,0,0.00012384667781286768,5.5450815126982364e-05
vote	0,7,6.192333890643384e-05,0.0004436065210158589
vp	1,0,0.00012384667781286768,5.5450815126982364e-05
vs	1,0,0.00012384667781286768,5.5450815126982364e-05
w	6,4,0.00043346337234503684,0.00027725407563491185
wacked	1,0,0.00012384667781286768,5.5450815126982364e-05
waggons	0,1,6.192333890643384e-05,0.00011090163025396473
wait	1,1,0.00012384667781286768,0.00011090163025396473
walked	0,1,6.192333890643384e-05,0.00011090163025396473
wallow	0,1,6.192333890643384e-05,0.00011090163025396473
wants	1,1,0.00012384667781286768,0.00011090163025396473
warrant	1,0,0.00012384667781286768,5.5450815126982364e-05
waste	0,1,6.192333890643384e-05,0.00011090163025396473
watchfully	0,1,6.192333890643384e-05,0.00011090163025396473
watson	1,0,0.00012384667781286768,5.5450815126982364e-05
ways	0,8,6.192333890643384e-05,0.0004990573361428413
wbom	1,0,0.00012384667781286768,5.5450815126982364e-05
weather	1,0,0.00012384667781286768,5.5450815126982364e-05
webpage	0,4,6.192333890643384e-05,0.00027725407563491185
website	0,24,6.192333890643384e-05,0.0013862703781745592
wedeliverparties	0,1,6.192333890643384e-05,0.00011090163025396473
week	13,16,0.0008669267446900737,0.0009426638571587002
weightwheezy	0,1,6.192333890643384e-05,0.00011090163025396473
went	1,2,0.00012384667781286768,0.0001663524453809471
western	3,3,0.00024769335562573535,0.00022180326050792945
westerngas	1,0,0.00012384667781286768,5.5450815126982364e-05
westward	0,1,6.192333890643384e-05,0.00011090163025396473
wfxu	0,1,6.192333890643384e-05,0.00011090163025396473
whalley	3,0,0.00024769335562573535,5.5450815126982364e-05
whats	0,1,6.192333890643384e-05,0.00011090163025396473
when	10,19,0.0006811567279707721,0.0011090163025396474
where	3,4,0.00024769335562573535,0.00027725407563491185
whereby	2,0,0.0001857700167193015,5.5450815126982364e-05
whooping	0,1,6.192333890643384e-05,0.00011090163025396473
why	0,10,6.192333890643384e-05,0.0006099589663968061
wide	0,1,6.192333890643384e-05,0.00011090163025396473
widow	0,2,6.192333890643384e-05,0.0001663524453809471
wijsman	1,0,0.00012384667781286768,5.5450815126982364e-05
will	113,69,0.007059260635333457,0.0038815570588887657
williams	7,0,0.0004953867112514707,5.5450815126982364e-05
willing	0,1,6.192333890643384e-05,0.00011090163025396473
wilson	2,0,0.0001857700167193015,5.5450815126982364e-05
wind	1,0,0.00012384667781286768,5.5450815126982364e-05
windows	0,12,6.192333890643384e-05,0.0007208605966507708
windred	0,1,6.192333890643384e-05,0.00011090163025396473
wing	1,0,0.00012384667781286768,5.5450815126982364e-05
winner	0,3,6.192333890643384e-05,0.00022180326050792945
wish	0,5,6.192333890643384e-05,0.0003327048907618942
wishes	1,0,0.00012384667781286768,5.5450815126982364e-05
wishing	1,0,0.00012384667781286768,5.5450815126982364e-05
within	12,8,0.0008050034057836399,0.0004990573361428413
without	0,8,6.192333890643384e-05,0.0004990573361428413
woo	1,0,0.00012384667781286768,5.5450815126982364e-05
works	3,5,0.00024769335562573535,0.0003327048907618942
worldwide	4,4,0.00030961669453216916,0.00027725407563491185
worse	0,1,6.192333890643384e-05,0.00011090163025396473
worst	1,0,0.00012384667781286768,5.5450815126982364e-05
wouldn	0,4,6.192333890643384e-05,0.00027725407563491185
wound	0,1,6.192333890643384e-05,0.00011090163025396473
wr	0,1,6.192333890643384e-05,0.00011090163025396473
wrinkle	0,1,6.192333890643384e-05,0.00011090163025396473
wrong	0,1,6.192333890643384e-05,0.00011090163025396473
wugn	0,1,6.192333890643384e-05,0.00011090163025396473
wyn	0,2,6.192333890643384e-05,0.0001663524453809471
wynpublishing	0,1,6.192333890643384e-05,0.00011090163025396473
xpress	0,1,6.192333890643384e-05,0.00011090163025396473
xqirzd	0,1,6.192333890643384e-05,0.00011090163025396473
years	13,2,0.0008669267446900737,0.0001663524453809471
yellow	0,1,6.192333890643384e-05,0.00011090163025396473
yesterday	7,0,0.0004953867112514707,5.5450815126982364e-05
yet	1,1,0.00012384667781286768,0.00011090163025396473
yjoou	0,1,6.192333890643384e-05,0.00011090163025396473
yours	0,1,6.192333890643384e-05,0.00011090163025396473
ypfpb	0,1,6.192333890643384e-05,0.00011090163025396473
z	0,1,6.192333890643384e-05,0.00011090163025396473
zadorozhny	4,0,0.00030961669453216916,5.5450815126982364e-05
zimin	5,0,0.000371540033438603,5.5450815126982364e-05
zo	0,1,6.192333890643384e-05,0.00011090163025396473
ClassPriors	47.0,33.0,0.5875,0.4125
